ruleScore,lstmProb,gnnProb,autoMSE,geoSpeed,clusterSize,label
9.75,0.89,0.84,4.09,898.74,3,1
9.85,0.93,0.68,4.27,1317.21,15,1
7.62,0.76,0.62,9.82,954.03,15,1
2.96,0.02,0.24,0.51,26.02,2,0
2.82,0.15,0.01,0.69,96.41,2,0
7.48,0.61,0.96,4.81,249.37,13,1
0.16,0.34,0.18,1.19,370.66,1,0
0.44,0.08,0.02,0.98,155.47,2,0
2.93,0.39,0.24,0.83,118.51,1,0
9.93,0.91,0.68,3.04,565.49,4,1
4.63,0.26,0.37,2.55,179.78,1,0
6.55,0.73,0.89,7.46,377.77,17,1
3.61,0.09,0.1,0.12,284.27,2,0
5.54,0.61,0.85,5.2,2342.86,16,1
1.02,0.38,0.24,2.08,352.19,2,0
3.17,0.35,0.32,0.56,357.02,1,0
5.61,0.74,0.96,4.9,0.42,6,1
7.55,0.77,0.69,3.84,2402.95,19,1
2.02,0.03,0.1,0.74,278.52,1,0
6.42,0.61,0.84,6.52,1273.7,3,1
2.65,0.18,0.22,1.78,32.34,2,0
8.64,0.75,0.85,7.43,953.49,3,1
5.2,0.84,0.87,3.12,1185.04,7,1
1.99,0.21,0.34,2.03,294.09,2,0
4.39,0.1,0.26,2.45,222.08,2,0
9.98,0.99,0.82,9.18,1274.08,19,1
4.44,0.31,0.26,0.25,64.65,2,0
2.9,0.15,0.38,2.92,113.57,2,0
3.46,0.26,0.09,2.14,94.9,1,0
6.83,0.9,0.89,5.16,1664.98,9,1
9.87,0.76,0.96,7.42,402.11,19,1
1.15,0.2,0.23,2.31,17.44,2,0
4.77,0.37,0.15,0.05,371.33,1,0
2.86,0.39,0.03,0.92,76.36,1,0
5.85,0.82,0.97,7.87,965.2,9,1
6.27,0.72,0.73,8.94,2005.15,13,1
4.05,0.35,0.37,1.53,200.61,1,0
5.35,0.76,0.62,9.21,1784.07,18,1
7.33,0.82,0.71,7.14,863.49,2,1
1.63,0.33,0.11,2.9,182.91,2,0
7.66,0.82,0.85,8.08,413.04,4,1
7.17,0.9,0.7,4.29,1528.13,4,1
5.78,0.7,0.82,8.0,223.95,3,1
2.18,0.29,0.02,1.7,63.46,2,0
5.58,0.62,0.62,8.99,379.34,19,1
1.73,0.19,0.26,0.14,379.66,2,0
6.87,0.85,0.8,9.0,130.35,10,1
4.34,0.25,0.32,2.03,229.35,1,0
2.73,0.38,0.15,2.88,362.14,2,0
6.07,0.75,0.62,7.33,1914.73,13,1
9.07,0.71,0.65,7.88,701.98,8,1
2.74,0.17,0.23,1.73,292.66,2,0
8.88,0.74,0.97,9.01,2076.48,12,1
7.67,0.8,0.76,5.08,890.93,3,1
6.6,0.98,0.98,7.01,358.76,12,1
1.06,0.38,0.31,0.34,372.37,2,0
7.75,0.78,0.96,5.46,1043.09,15,1
4.19,0.17,0.09,1.19,356.76,2,0
5.42,0.99,0.75,5.59,757.8,2,1
2.41,0.15,0.28,0.75,132.1,2,0
0.06,0.19,0.02,0.36,47.01,1,0
3.41,0.1,0.16,1.43,33.16,1,0
9.82,0.6,0.99,3.3,422.16,1,1
8.48,0.63,0.67,4.52,2492.91,6,1
0.23,0.11,0.38,2.67,182.26,2,0
5.85,0.86,0.76,4.61,1412.59,14,1
2.68,0.12,0.33,2.05,65.05,2,0
9.7,0.77,0.83,9.43,2290.32,8,1
6.88,0.92,0.99,4.05,1447.51,3,1
0.32,0.01,0.05,0.04,30.14,2,0
5.0,0.4,0.22,2.31,377.91,2,0
6.21,0.68,0.7,4.92,2292.98,5,1
5.57,0.87,0.81,8.41,2248.71,8,1
8.96,0.84,0.79,5.94,511.49,3,1
5.07,0.74,0.84,5.75,2337.07,9,1
4.55,0.12,0.21,2.09,318.59,2,0
2.46,0.1,0.18,2.94,197.05,1,0
7.9,0.74,0.81,6.22,1480.51,7,1
6.73,0.96,0.79,7.67,1126.89,8,1
6.74,0.61,0.82,6.74,2320.17,13,1
0.2,0.32,0.25,0.25,349.43,1,0
5.01,0.95,0.63,7.18,429.27,2,1
1.84,0.19,0.3,0.11,100.97,1,0
4.22,0.3,0.01,2.6,141.66,1,0
6.35,0.75,0.61,5.25,1356.75,4,1
7.37,0.74,0.86,6.36,2052.6,11,1
5.64,0.71,0.75,7.52,1405.36,1,1
0.04,0.09,0.15,1.46,340.33,2,0
5.87,0.96,0.63,6.67,2470.04,5,1
4.59,0.0,0.39,1.47,289.16,2,0
2.78,0.23,0.11,2.31,74.82,2,0
1.0,0.29,0.21,2.12,307.11,2,0
0.77,0.19,0.21,0.16,134.64,2,0
2.74,0.08,0.27,0.26,55.53,1,0
2.98,0.19,0.16,1.05,371.81,2,0
2.04,0.37,0.4,0.62,151.69,1,0
2.87,0.34,0.06,2.39,80.65,2,0
0.93,0.09,0.25,2.72,126.48,2,0
9.08,0.78,0.75,6.24,2070.94,12,1
6.96,0.81,0.63,4.6,1533.6,6,1
5.7,0.92,0.85,6.73,630.88,4,1
3.89,0.06,0.08,2.14,197.59,2,0
9.11,0.64,0.94,3.89,2155.4,18,1
8.86,0.6,0.84,6.96,479.22,2,1
2.92,0.16,0.18,2.84,61.34,1,0
5.5,0.7,0.89,7.15,2361.88,8,1
0.76,0.23,0.24,1.27,294.58,2,0
4.55,0.05,0.09,0.5,74.53,1,0
4.35,0.21,0.24,1.2,21.9,1,0
8.94,0.84,0.65,5.9,738.37,14,1
2.26,0.09,0.18,0.42,70.55,1,0
5.17,0.72,0.91,4.94,1161.56,4,1
0.74,0.17,0.03,2.99,200.88,1,0
6.99,0.77,0.92,5.45,1862.46,19,1
0.33,0.31,0.18,1.57,176.31,2,0
3.83,0.04,0.13,0.23,301.3,2,0
8.22,0.76,0.61,4.09,527.14,10,1
5.98,0.8,0.84,5.37,2308.68,11,1
6.22,0.89,0.94,8.81,1935.74,18,1
5.43,0.85,0.89,8.94,2289.95,5,1
4.09,0.14,0.1,1.14,236.12,2,0
1.73,0.31,0.15,2.58,87.8,2,0
0.7,0.35,0.19,2.68,319.94,1,0
2.56,0.3,0.28,1.21,87.21,2,0
4.92,0.21,0.07,0.82,7.36,2,0
4.08,0.2,0.03,1.22,198.99,2,0
5.05,0.65,0.96,9.12,1820.88,10,1
4.19,0.16,0.31,1.27,141.55,2,0
0.41,0.24,0.1,1.17,115.48,2,0
3.61,0.24,0.38,1.19,381.63,2,0
1.07,0.01,0.1,1.79,20.57,2,0
0.77,0.25,0.19,1.03,140.62,1,0
3.44,0.17,0.1,2.46,319.77,2,0
0.03,0.04,0.13,2.42,384.84,1,0
2.23,0.07,0.22,2.62,292.89,1,0
3.62,0.25,0.39,2.71,258.67,1,0
4.72,0.02,0.28,2.78,72.23,1,0
1.56,0.05,0.29,0.58,46.11,1,0
2.37,0.34,0.34,0.96,331.57,1,0
1.82,0.22,0.19,2.65,212.11,2,0
0.33,0.13,0.22,2.37,127.5,2,0
2.13,0.35,0.17,1.39,396.14,1,0
2.64,0.38,0.32,2.99,140.28,2,0
5.19,0.79,0.83,4.9,955.89,7,1
1.19,0.04,0.14,0.86,118.52,2,0
1.39,0.36,0.02,0.33,156.65,2,0
9.75,0.91,0.64,5.92,755.79,16,1
3.72,0.03,0.16,2.51,92.23,1,0
1.15,0.07,0.09,0.56,311.83,2,0
3.15,0.09,0.21,1.79,210.01,1,0
8.79,0.88,0.66,8.71,1180.49,12,1
4.3,0.18,0.16,0.82,190.67,1,0
4.31,0.32,0.26,1.65,34.79,2,0
5.03,0.88,0.62,6.73,87.58,1,1
2.48,0.19,0.24,2.47,139.12,2,0
4.32,0.29,0.21,2.6,98.11,1,0
3.54,0.33,0.28,2.04,247.44,2,0
9.41,0.98,0.79,9.15,2193.91,10,1
9.09,0.93,0.8,3.04,1848.78,1,1
6.88,0.6,0.93,3.9,831.33,5,1
8.16,0.97,0.64,9.56,54.27,4,1
3.54,0.19,0.02,0.22,340.97,2,0
4.84,0.3,0.05,2.27,9.83,1,0
1.86,0.33,0.1,0.0,63.58,2,0
2.13,0.18,0.07,2.38,277.47,2,0
3.86,0.09,0.05,2.6,385.29,2,0
9.72,0.77,0.86,5.78,2472.76,15,1
3.73,0.08,0.35,2.14,225.1,2,0
4.84,0.07,0.35,2.33,308.37,2,0
0.09,0.32,0.12,2.74,387.0,2,0
2.41,0.05,0.05,2.06,172.12,2,0
5.8,0.86,0.73,7.13,2473.4,8,1
6.96,0.79,0.84,5.04,688.1,11,1
3.75,0.06,0.04,1.71,7.35,2,0
3.51,0.22,0.0,0.98,207.08,1,0
0.41,0.33,0.14,0.97,390.99,2,0
4.0,0.08,0.07,0.31,254.57,1,0
2.97,0.25,0.25,0.9,374.08,2,0
4.01,0.14,0.33,0.24,357.93,2,0
3.92,0.19,0.02,0.49,175.44,2,0
6.24,0.66,0.95,4.53,269.52,10,1
5.22,0.66,0.61,7.57,1722.21,15,1
8.4,0.63,0.61,4.8,2276.06,16,1
3.14,0.29,0.31,1.51,217.32,1,0
2.19,0.29,0.19,2.62,360.28,2,0
4.96,0.11,0.14,1.15,186.33,1,0
0.66,0.29,0.36,0.54,95.02,2,0
2.07,0.03,0.17,0.29,162.01,2,0
1.8,0.24,0.07,1.17,387.76,2,0
0.05,0.24,0.24,1.19,94.81,1,0
5.37,0.67,0.81,5.36,344.71,14,1
1.26,0.14,0.15,1.82,142.69,2,0
4.22,0.32,0.23,2.6,82.34,1,0
9.93,0.65,0.69,3.36,179.76,14,1
7.54,0.62,0.66,9.91,3.95,2,1
2.9,0.1,0.21,1.03,212.9,1,0
6.54,0.88,0.68,7.71,75.12,19,1
9.82,0.7,0.86,9.85,829.78,13,1
2.85,0.01,0.37,2.07,270.61,1,0
4.13,0.27,0.23,1.05,63.71,2,0
9.89,0.76,0.95,8.48,2055.36,1,1
4.63,0.18,0.36,2.63,126.88,1,0
0.6,0.22,0.0,0.97,146.58,1,0
1.9,0.22,0.24,1.64,177.77,2,0
8.02,0.87,0.85,6.24,2267.67,9,1
4.07,0.04,0.06,1.58,98.43,2,0
3.82,0.33,0.29,2.87,7.29,1,0
9.48,0.63,0.98,7.58,1135.16,6,1
7.43,0.7,0.71,5.15,431.33,7,1
2.0,0.39,0.33,1.57,49.29,2,0
7.63,0.88,0.64,6.97,2436.98,10,1
1.87,0.21,0.04,0.01,255.19,1,0
1.14,0.08,0.24,1.23,335.94,2,0
2.78,0.1,0.12,2.2,340.47,1,0
0.48,0.25,0.18,1.76,67.21,1,0
2.36,0.21,0.07,0.94,92.1,1,0
1.16,0.16,0.24,1.49,395.11,1,0
3.38,0.18,0.18,2.17,6.33,2,0
5.52,0.89,0.83,4.92,945.62,3,1
6.83,0.74,0.85,6.1,535.68,19,1
4.4,0.26,0.21,0.97,133.2,2,0
6.89,0.75,1.0,6.12,1786.81,8,1
8.45,0.68,0.81,3.68,2085.48,15,1
2.37,0.15,0.05,2.92,8.01,2,0
2.7,0.34,0.21,1.87,35.65,1,0
3.04,0.2,0.06,0.19,47.06,1,0
6.8,0.64,0.97,6.88,1474.87,7,1
0.81,0.31,0.23,1.7,156.42,2,0
0.58,0.33,0.15,2.63,347.22,2,0
6.06,0.93,0.73,3.16,1180.14,2,1
4.11,0.05,0.34,2.77,194.82,2,0
4.15,0.13,0.38,2.48,266.52,2,0
5.13,0.65,0.99,6.85,346.0,17,1
1.39,0.34,0.0,0.05,241.02,1,0
5.31,0.91,0.78,3.41,46.22,12,1
5.85,0.63,0.91,4.86,1975.75,7,1
4.07,0.25,0.12,1.87,210.82,1,0
3.96,0.16,0.26,1.06,210.2,2,0
3.67,0.31,0.0,1.25,192.54,2,0
2.91,0.27,0.08,1.86,129.4,2,0
9.88,0.92,0.98,6.41,1731.53,7,1
5.75,0.65,0.95,4.7,648.55,16,1
3.93,0.36,0.38,2.36,126.16,1,0
0.38,0.11,0.37,0.76,312.47,2,0
3.3,0.36,0.25,1.84,26.66,2,0
0.53,0.4,0.18,0.14,15.21,1,0
0.36,0.03,0.0,2.87,295.0,2,0
4.96,0.39,0.38,2.35,141.94,2,0
8.3,0.91,0.71,3.15,2445.36,19,1
9.88,0.87,0.6,4.79,917.73,3,1
9.84,0.92,0.72,9.86,465.94,19,1
0.78,0.02,0.04,1.8,38.0,2,0
7.2,0.85,0.98,4.68,1135.7,1,1
9.08,0.94,0.94,9.43,2083.57,11,1
2.79,0.07,0.02,0.96,301.27,1,0
0.22,0.07,0.05,2.18,327.11,1,0
0.75,0.14,0.17,2.27,297.37,1,0
7.83,0.88,0.95,7.45,128.06,19,1
3.71,0.35,0.11,0.58,351.93,2,0
7.78,0.89,0.85,4.32,2132.45,9,1
4.2,0.33,0.0,2.25,303.47,2,0
5.74,0.72,0.95,9.97,1562.64,11,1
5.69,0.87,0.6,4.25,1083.7,16,1
7.94,0.79,0.86,3.45,1754.52,17,1
3.0,0.24,0.01,0.97,254.6,1,0
6.67,0.91,0.88,8.52,1548.34,10,1
1.18,0.15,0.03,2.4,306.64,1,0
3.21,0.17,0.25,2.36,47.33,2,0
3.74,0.3,0.38,0.61,226.22,2,0
5.13,0.61,0.93,4.91,1307.83,2,1
1.13,0.15,0.18,1.44,174.07,2,0
0.67,0.03,0.29,1.49,174.74,1,0
5.29,0.69,0.65,5.79,377.65,11,1
6.41,0.7,0.7,9.34,1262.31,13,1
1.34,0.06,0.34,0.14,247.88,1,0
7.66,0.76,0.74,9.3,1928.44,3,1
1.97,0.33,0.32,1.87,197.79,1,0
8.27,0.68,0.83,6.25,486.82,12,1
8.6,0.77,0.64,7.79,2466.88,15,1
0.34,0.28,0.22,0.25,183.32,1,0
5.7,0.87,0.69,3.68,368.13,15,1
7.56,0.92,0.78,3.36,161.09,7,1
3.79,0.3,0.01,0.38,263.85,2,0
1.19,0.18,0.39,2.32,10.87,1,0
6.72,0.71,0.76,8.59,1567.88,14,1
4.82,0.08,0.21,0.86,317.14,2,0
6.56,0.86,0.68,9.28,1560.92,5,1
9.29,0.96,0.71,9.88,1143.43,8,1
4.1,0.13,0.32,2.9,342.75,1,0
2.53,0.39,0.17,2.95,267.17,1,0
9.99,0.99,0.86,3.91,74.42,7,1
0.4,0.29,0.07,2.57,327.63,2,0
8.8,1.0,0.96,7.56,1232.35,2,1
8.56,0.93,0.64,4.68,1391.5,13,1
2.18,0.23,0.3,2.42,337.49,1,0
0.63,0.27,0.13,2.06,27.86,1,0
8.28,1.0,0.63,3.54,2272.86,18,1
5.17,0.72,0.86,9.57,612.85,16,1
3.25,0.35,0.0,0.51,155.9,2,0
4.32,0.22,0.15,2.93,44.29,2,0
7.11,0.61,0.99,3.89,778.22,3,1
0.09,0.39,0.29,0.91,331.76,2,0
2.25,0.09,0.05,0.21,105.33,1,0
7.34,0.72,0.84,5.08,2063.43,7,1
4.39,0.13,0.14,2.97,250.47,2,0
8.97,0.61,0.83,9.97,417.16,7,1
7.44,0.9,0.81,3.23,51.75,1,1
0.41,0.36,0.19,0.41,136.33,2,0
8.04,0.85,0.84,7.92,1671.02,9,1
4.85,0.11,0.11,1.42,393.54,2,0
0.35,0.1,0.14,1.42,18.26,2,0
7.35,0.78,0.79,7.36,1560.7,4,1
0.03,0.0,0.09,0.11,43.21,2,0
2.19,0.09,0.16,0.13,111.13,2,0
8.09,0.65,0.74,6.55,394.84,6,1
4.65,0.07,0.16,2.19,352.9,1,0
3.04,0.12,0.33,2.87,328.48,2,0
0.01,0.29,0.33,0.12,348.64,2,0
6.92,0.78,0.75,3.85,2077.0,13,1
8.75,0.77,0.86,7.53,478.95,6,1
3.06,0.35,0.29,0.36,360.98,2,0
4.96,0.33,0.28,1.6,179.54,1,0
0.22,0.05,0.22,1.03,291.67,1,0
6.94,0.94,0.76,3.54,2264.96,15,1
4.11,0.34,0.37,1.29,127.55,2,0
6.85,0.61,0.76,6.68,1081.57,8,1
1.73,0.06,0.01,1.94,254.76,1,0
8.96,0.84,0.64,8.93,2230.93,9,1
3.44,0.06,0.19,0.08,202.18,1,0
5.5,0.68,0.97,5.9,1332.45,8,1
9.5,0.65,0.98,5.2,482.35,1,1
8.03,0.66,0.61,9.8,784.09,16,1
3.81,0.33,0.18,0.91,103.73,1,0
7.54,0.87,0.69,8.81,1080.91,16,1
8.13,0.8,0.76,9.96,498.72,13,1
3.65,0.06,0.34,2.13,362.78,1,0
4.55,0.29,0.21,2.61,52.26,1,0
0.29,0.27,0.19,0.1,387.84,1,0
4.9,0.19,0.35,1.77,150.13,2,0
2.81,0.18,0.24,2.76,144.91,1,0
4.9,0.16,0.33,2.29,229.41,1,0
4.98,0.02,0.0,1.92,119.37,2,0
9.42,0.78,0.8,7.39,15.29,16,1
9.36,0.81,0.85,7.51,266.73,17,1
0.04,0.4,0.27,2.49,117.85,1,0
6.71,0.85,0.63,3.04,657.54,1,1
3.07,0.04,0.2,0.23,163.02,2,0
6.53,0.82,0.85,7.04,4.87,9,1
5.38,0.8,0.92,7.95,923.93,18,1
9.32,0.76,0.72,4.07,837.45,10,1
8.2,0.99,0.84,5.5,98.34,3,1
2.27,0.33,0.22,1.91,210.51,2,0
4.11,0.32,0.22,1.56,57.15,1,0
2.01,0.06,0.35,2.47,288.69,1,0
1.59,0.0,0.2,0.14,110.47,2,0
2.92,0.19,0.14,2.82,33.09,2,0
6.8,0.71,0.94,5.19,713.5,4,1
9.68,0.87,0.65,3.3,2381.29,3,1
5.83,0.89,0.87,9.76,760.62,17,1
7.38,0.85,1.0,3.73,1454.7,3,1
1.04,0.15,0.15,0.16,307.03,2,0
2.08,0.29,0.15,2.61,292.2,2,0
8.39,0.84,0.72,3.96,590.88,15,1
8.41,0.79,0.83,3.6,1933.67,2,1
1.34,0.33,0.01,1.14,134.94,2,0
4.74,0.01,0.29,0.99,362.43,2,0
7.32,0.99,0.81,7.74,2115.79,11,1
9.29,0.83,0.63,5.68,1108.96,19,1
8.87,0.81,0.74,5.6,1309.66,10,1
3.38,0.22,0.33,1.82,116.46,1,0
6.51,0.63,0.69,4.73,2070.66,13,1
4.95,0.1,0.21,1.95,257.84,2,0
6.83,0.69,0.68,3.99,625.06,14,1
2.64,0.36,0.07,1.93,323.94,1,0
1.45,0.19,0.36,2.12,24.88,1,0
2.49,0.09,0.02,1.25,120.77,2,0
7.5,0.87,0.63,4.92,367.73,16,1
2.8,0.35,0.19,2.69,269.74,1,0
3.97,0.34,0.1,2.88,78.77,1,0
2.03,0.38,0.21,0.66,183.59,2,0
0.37,0.25,0.39,0.57,317.04,1,0
8.49,0.76,0.98,9.77,2252.18,7,1
8.2,0.87,0.67,6.96,399.12,13,1
1.88,0.22,0.32,0.14,323.23,2,0
3.64,0.04,0.17,0.09,192.36,1,0
9.51,0.66,1.0,9.68,1671.62,6,1
8.77,0.97,0.98,7.04,2138.83,7,1
2.08,0.34,0.36,2.63,389.75,1,0
1.1,0.02,0.01,0.53,346.71,1,0
7.16,0.89,0.83,5.99,2227.42,10,1
4.73,0.36,0.17,2.34,190.53,1,0
1.02,0.1,0.12,1.78,13.12,2,0
5.35,0.98,0.8,5.87,668.66,5,1
1.76,0.33,0.21,1.39,18.16,2,0
5.19,0.65,0.91,3.0,1688.27,13,1
6.02,0.6,0.77,9.18,1124.9,6,1
3.71,0.34,0.17,0.91,130.12,1,0
6.36,0.65,0.73,10.0,1174.83,9,1
3.31,0.03,0.22,2.13,66.93,1,0
1.34,0.25,0.19,1.09,379.68,1,0
3.8,0.04,0.21,1.53,147.71,1,0
5.8,0.67,0.64,8.62,1012.71,1,1
9.04,0.68,0.74,5.35,685.23,15,1
2.18,0.22,0.12,1.45,202.67,2,0
1.92,0.01,0.34,0.03,281.48,2,0
0.49,0.22,0.2,2.12,213.72,2,0
7.52,0.89,0.95,4.25,442.17,14,1
4.04,0.27,0.25,0.95,326.56,1,0
1.25,0.25,0.23,2.5,362.43,2,0
5.81,0.67,0.61,5.73,1499.81,1,1
2.02,0.03,0.31,0.86,173.11,1,0
0.36,0.08,0.15,2.95,313.94,1,0
0.99,0.17,0.3,0.3,111.14,2,0
4.57,0.0,0.18,2.93,41.25,2,0
7.02,0.9,0.88,5.96,1475.94,13,1
3.7,0.25,0.22,2.07,57.58,1,0
5.38,0.98,0.72,3.64,1860.2,17,1
3.52,0.15,0.23,1.35,268.82,2,0
6.36,0.84,0.95,9.63,1063.21,2,1
0.03,0.31,0.25,1.12,20.2,1,0
7.91,0.7,0.78,9.7,2227.66,19,1
8.32,0.8,0.9,5.29,67.44,3,1
7.17,0.89,0.6,7.13,510.15,7,1
8.27,0.93,0.62,9.38,1405.15,14,1
5.31,0.78,0.89,7.25,64.92,2,1
1.92,0.2,0.11,2.36,158.98,2,0
3.69,0.21,0.03,1.11,368.31,2,0
1.67,0.35,0.37,2.58,14.0,1,0
3.15,0.1,0.28,1.28,177.02,2,0
8.92,0.77,0.8,8.5,1141.87,10,1
7.46,0.97,0.64,8.35,1913.8,9,1
7.58,0.91,0.98,8.23,661.19,7,1
6.55,0.7,0.81,6.75,1401.44,1,1
1.08,0.32,0.31,1.9,149.41,2,0
4.38,0.04,0.16,1.66,201.25,2,0
3.97,0.35,0.14,1.39,165.81,1,0
0.8,0.27,0.07,2.08,91.84,1,0
8.7,0.95,0.81,8.53,1720.33,17,1
9.45,0.7,0.74,3.74,1682.68,17,1
6.22,0.71,0.73,8.25,2476.62,4,1
7.7,0.88,0.88,4.2,1500.33,2,1
9.73,0.88,0.8,9.53,2466.74,16,1
9.48,0.68,0.8,5.93,2147.69,16,1
9.43,0.69,0.89,9.17,557.82,16,1
4.22,0.19,0.13,2.37,180.52,1,0
2.02,0.19,0.01,1.23,259.11,2,0
1.02,0.03,0.35,1.17,216.7,2,0
2.73,0.39,0.18,1.54,395.69,2,0
2.8,0.13,0.09,1.05,149.01,1,0
1.87,0.15,0.02,1.05,371.72,2,0
8.31,0.79,0.6,8.63,438.74,11,1
7.74,0.81,0.74,7.74,11.7,15,1
0.85,0.08,0.36,2.25,363.29,1,0
2.17,0.31,0.34,1.62,303.31,2,0
3.58,0.11,0.08,0.94,96.6,1,0
4.34,0.29,0.3,1.67,233.87,2,0
9.11,0.86,0.92,4.9,211.25,2,1
7.64,0.93,0.79,4.95,659.01,8,1
3.89,0.3,0.08,0.27,279.58,2,0
6.09,0.79,0.71,5.91,659.46,17,1
1.62,0.36,0.36,0.98,360.38,2,0
0.47,0.3,0.33,2.12,386.91,1,0
1.63,0.3,0.32,2.57,399.05,1,0
1.52,0.13,0.38,2.68,339.67,2,0
1.56,0.26,0.09,0.04,305.74,2,0
1.54,0.05,0.2,0.02,375.37,1,0
2.93,0.23,0.4,2.27,176.92,2,0
7.89,0.83,0.95,5.65,1851.5,8,1
4.91,0.26,0.32,2.15,237.26,1,0
4.16,0.14,0.35,0.33,370.02,2,0
3.45,0.28,0.26,0.83,62.48,2,0
2.07,0.08,0.02,1.74,181.16,2,0
5.1,0.91,0.84,7.9,642.25,3,1
4.77,0.35,0.23,2.5,257.03,2,0
2.96,0.14,0.02,0.1,169.33,2,0
3.08,0.1,0.28,1.79,200.63,1,0
0.98,0.29,0.11,2.41,398.9,2,0
8.46,0.84,0.85,9.59,102.35,8,1
4.08,0.34,0.38,0.26,154.24,2,0
5.84,0.79,0.62,9.6,1545.38,8,1
4.84,0.18,0.11,2.39,130.5,2,0
5.1,0.93,0.75,5.48,2458.13,7,1
6.71,0.95,0.66,3.58,1314.11,19,1
7.39,0.91,0.72,5.18,1096.21,1,1
1.53,0.33,0.02,1.26,183.37,1,0
7.74,1.0,0.87,4.39,1014.81,19,1
1.86,0.08,0.2,2.22,197.03,2,0
3.29,0.05,0.32,0.37,279.41,1,0
0.63,0.08,0.38,0.53,227.09,1,0
4.35,0.16,0.39,2.8,296.64,1,0
7.85,0.67,0.71,4.53,2203.71,16,1
2.79,0.15,0.31,0.76,375.56,2,0
7.78,0.94,0.92,4.23,176.4,13,1
2.94,0.3,0.25,1.8,21.41,2,0
0.76,0.18,0.14,0.28,194.45,2,0
4.72,0.24,0.37,2.36,235.98,1,0
3.8,0.06,0.19,1.29,238.76,1,0
1.88,0.28,0.19,2.02,305.16,2,0
7.55,0.85,0.96,6.57,885.41,4,1
4.64,0.4,0.32,2.26,86.2,2,0
8.62,0.64,0.84,4.97,1445.58,2,1
7.84,0.86,0.68,6.9,668.05,2,1
5.1,0.93,0.81,8.43,1386.64,6,1
5.21,0.85,0.84,7.57,1302.61,8,1
3.7,0.11,0.11,2.89,4.11,2,0
1.73,0.17,0.32,0.83,56.9,2,0
6.31,0.74,0.93,9.55,1433.27,3,1
5.81,0.84,0.66,9.78,1652.58,17,1
9.52,0.86,0.71,4.24,995.15,1,1
6.06,0.87,0.76,5.82,716.45,3,1
5.54,0.78,0.89,9.58,690.51,1,1
2.66,0.12,0.2,0.9,238.43,2,0
2.92,0.16,0.14,0.14,87.16,1,0
4.66,0.33,0.23,1.97,359.35,2,0
4.71,0.03,0.1,2.34,39.49,1,0
0.59,0.39,0.09,0.2,237.94,1,0
3.08,0.35,0.09,2.62,315.8,2,0
9.69,0.93,0.99,4.82,344.99,10,1
5.14,0.81,0.69,9.93,1034.4,13,1
4.1,0.19,0.14,1.09,322.29,1,0
0.78,0.33,0.14,2.74,226.28,2,0
9.04,0.93,0.75,6.21,2385.34,9,1
7.1,0.84,0.97,5.18,1912.07,7,1
3.57,0.03,0.17,0.35,245.12,1,0
8.47,0.86,0.69,7.77,37.43,16,1
6.28,0.64,0.74,5.89,526.53,18,1
7.78,0.61,0.96,4.09,1681.07,6,1
7.51,0.89,0.98,4.54,747.44,2,1
6.43,0.64,0.73,3.3,318.58,17,1
9.16,0.82,0.94,6.02,2355.6,5,1
7.74,0.71,0.96,4.51,447.52,3,1
4.83,0.16,0.29,1.04,268.44,2,0
5.66,0.75,0.85,6.18,798.1,17,1
0.6,0.38,0.07,1.87,89.07,1,0
4.58,0.31,0.05,1.7,176.9,2,0
0.42,0.16,0.04,0.05,264.69,2,0
5.38,0.69,0.93,9.64,1249.68,5,1
2.1,0.02,0.02,1.72,157.16,1,0
4.73,0.31,0.13,0.74,279.09,2,0
9.87,0.82,0.71,7.97,2337.21,17,1
5.47,0.76,0.67,4.55,1240.96,13,1
7.25,0.73,0.95,3.58,2079.2,15,1
3.64,0.19,0.28,1.66,86.5,1,0
3.8,0.06,0.06,0.8,144.43,2,0
5.86,0.93,0.83,5.36,197.22,2,1
6.56,0.65,0.64,7.54,632.42,19,1
1.98,0.06,0.3,1.08,268.51,1,0
0.15,0.18,0.2,0.35,67.62,1,0
2.89,0.35,0.12,1.4,247.76,2,0
8.09,0.87,0.8,7.51,1530.36,14,1
3.9,0.01,0.33,0.12,355.97,2,0
8.26,0.91,0.92,7.22,903.71,5,1
4.23,0.13,0.27,1.78,241.26,2,0
5.01,0.75,0.66,3.13,2403.21,11,1
1.09,0.02,0.05,1.82,339.78,1,0
9.98,0.67,0.84,5.88,847.33,12,1
5.14,0.85,0.77,6.84,1303.08,17,1
9.03,0.84,0.67,3.17,1729.38,2,1
4.32,0.06,0.34,2.97,290.74,1,0
4.5,0.32,0.27,2.04,378.37,1,0
8.78,0.63,0.97,5.28,1552.02,15,1
8.33,0.82,0.74,3.94,2213.58,2,1
9.47,0.86,0.72,5.09,10.91,15,1
5.06,0.82,0.94,9.7,1674.58,12,1
8.33,1.0,0.69,5.73,1034.63,10,1
2.22,0.21,0.35,2.99,233.09,1,0
7.38,0.73,0.8,9.02,1980.91,15,1
7.89,0.88,0.88,8.27,399.97,16,1
3.37,0.31,0.12,1.48,318.6,1,0
5.63,0.99,0.64,6.35,1720.34,6,1
4.88,0.19,0.03,0.14,118.27,1,0
7.49,0.88,0.7,5.15,718.35,3,1
9.47,0.63,0.96,9.98,616.36,6,1
0.1,0.13,0.02,2.3,280.84,1,0
3.14,0.37,0.27,0.92,148.01,1,0
5.6,0.83,0.99,5.64,1376.82,17,1
7.5,0.64,0.65,9.59,361.67,2,1
8.3,0.78,0.86,3.43,752.4,5,1
5.9,0.7,0.81,3.78,237.89,15,1
8.67,0.68,0.62,6.87,2282.25,16,1
6.48,0.81,0.87,7.15,1092.55,3,1
7.16,0.84,0.63,9.58,469.3,2,1
8.96,0.97,0.74,5.15,1953.43,13,1
0.89,0.29,0.02,1.22,206.51,1,0
0.05,0.36,0.06,2.36,247.17,1,0
0.43,0.33,0.11,0.4,175.94,2,0
5.58,0.65,0.68,6.22,724.43,3,1
4.13,0.24,0.14,2.4,221.87,2,0
2.33,0.18,0.01,0.74,346.52,1,0
1.1,0.25,0.23,0.55,23.83,1,0
1.42,0.33,0.22,1.12,250.13,1,0
5.92,0.68,0.75,3.36,1669.9,11,1
5.97,0.79,0.6,3.18,1684.76,1,1
4.8,0.02,0.04,0.13,74.11,2,0
2.26,0.13,0.24,1.36,180.63,2,0
5.63,0.65,0.81,4.72,2482.16,14,1
9.64,0.64,0.71,7.71,894.21,19,1
2.08,0.01,0.13,0.53,39.37,1,0
2.75,0.39,0.05,1.47,67.8,2,0
8.99,0.87,0.82,6.33,58.19,12,1
4.22,0.13,0.27,2.88,292.1,2,0
7.05,0.99,0.67,8.59,2042.48,14,1
7.61,0.63,0.67,9.7,521.82,9,1
7.6,1.0,0.65,7.73,1026.12,10,1
2.17,0.05,0.16,1.06,121.13,1,0
2.09,0.14,0.24,1.73,64.58,1,0
6.58,0.69,0.63,8.79,1604.15,14,1
8.47,0.83,0.92,8.15,390.54,8,1
0.3,0.28,0.07,0.96,166.21,1,0
8.67,0.61,0.83,9.59,1601.8,5,1
1.81,0.05,0.1,1.93,110.21,1,0
2.89,0.36,0.24,2.43,171.87,2,0
6.28,0.73,0.67,4.27,307.79,16,1
2.13,0.25,0.03,0.26,68.73,2,0
2.89,0.01,0.14,1.81,154.98,2,0
3.99,0.37,0.01,0.46,354.47,1,0
4.04,0.35,0.33,0.06,294.37,1,0
9.4,0.62,0.69,9.28,1175.11,16,1
7.08,0.74,0.96,3.28,1956.82,3,1
3.23,0.37,0.12,2.35,306.34,1,0
6.64,0.62,0.67,9.76,1874.43,6,1
7.14,0.86,0.9,4.63,1257.57,19,1
4.13,0.32,0.13,2.3,57.26,1,0
1.88,0.14,0.02,1.46,43.61,2,0
8.0,0.79,0.82,9.48,628.07,9,1
4.73,0.27,0.13,1.5,258.29,2,0
6.53,0.63,0.67,3.04,943.23,10,1
4.06,0.38,0.13,2.58,52.67,1,0
0.41,0.26,0.25,1.92,122.86,1,0
2.38,0.34,0.15,0.5,334.58,1,0
2.01,0.23,0.12,1.43,317.23,2,0
3.55,0.04,0.34,2.01,278.81,1,0
6.52,0.66,0.84,5.14,920.56,5,1
1.35,0.1,0.38,0.89,310.2,2,0
4.98,0.36,0.09,0.17,102.26,2,0
7.6,0.78,0.95,6.54,1035.23,2,1
2.26,0.35,0.21,1.4,164.28,2,0
9.1,0.86,0.77,6.21,2078.59,5,1
1.56,0.34,0.1,0.0,150.57,1,0
7.09,0.69,0.6,9.41,593.83,9,1
4.38,0.29,0.09,2.12,123.08,1,0
6.87,0.85,0.89,3.77,2490.36,10,1
1.37,0.25,0.03,1.36,295.64,1,0
2.54,0.34,0.35,0.03,311.22,2,0
9.04,0.73,0.82,4.96,709.2,5,1
8.53,0.74,0.6,5.82,2192.08,11,1
9.96,0.98,0.65,6.76,1527.86,15,1
6.88,0.95,0.96,6.45,981.56,2,1
6.49,0.73,0.67,8.48,1879.34,15,1
8.8,0.62,0.95,3.83,1610.1,19,1
9.27,0.61,0.8,8.39,727.36,3,1
3.03,0.2,0.35,2.86,301.81,2,0
8.46,0.67,0.72,6.52,591.58,9,1
7.01,0.92,0.69,4.3,167.92,14,1
5.22,0.67,0.76,9.63,2097.98,10,1
2.39,0.19,0.31,1.89,253.31,1,0
4.59,0.35,0.25,2.42,27.61,1,0
3.36,0.37,0.25,2.47,275.52,1,0
5.66,0.68,0.69,5.1,480.76,18,1
3.56,0.08,0.19,1.42,151.29,2,0
1.71,0.27,0.01,2.07,126.44,2,0
1.8,0.03,0.08,1.64,82.82,1,0
9.55,0.6,0.79,3.86,2374.3,19,1
3.57,0.1,0.18,0.85,32.38,1,0
5.83,0.97,0.73,5.6,271.06,3,1
0.25,0.1,0.19,0.68,297.56,2,0
3.46,0.1,0.25,2.49,76.13,1,0
2.84,0.3,0.32,1.03,173.48,1,0
4.93,0.32,0.24,1.02,217.84,2,0
1.98,0.02,0.16,2.02,180.14,1,0
3.1,0.19,0.26,0.66,45.14,2,0
8.74,0.79,0.69,9.77,765.71,17,1
9.81,0.81,0.85,7.76,408.78,11,1
9.89,0.7,0.87,8.87,1060.35,6,1
3.5,0.34,0.17,0.93,374.69,2,0
9.49,0.65,0.73,8.71,1469.18,19,1
1.03,0.34,0.03,1.07,272.15,1,0
5.83,0.88,0.81,7.45,1159.97,8,1
3.52,0.37,0.3,0.92,106.03,2,0
2.64,0.1,0.02,2.18,48.52,2,0
2.41,0.02,0.07,2.12,284.71,1,0
3.64,0.37,0.3,1.78,76.81,1,0
0.12,0.1,0.16,0.84,54.55,2,0
9.03,0.67,0.63,6.05,350.17,8,1
5.35,0.96,0.76,5.02,669.13,2,1
9.6,0.6,0.82,8.18,945.19,2,1
1.18,0.19,0.17,0.22,42.46,2,0
0.57,0.1,0.33,1.13,392.47,1,0
5.18,0.62,0.93,3.83,1544.43,2,1
6.97,0.85,0.94,5.42,280.16,17,1
5.5,0.91,0.99,9.79,480.63,7,1
3.43,0.12,0.08,0.8,67.9,2,0
0.28,0.19,0.37,1.83,218.56,1,0
6.1,0.81,0.64,8.26,594.75,8,1
0.4,0.27,0.37,1.73,50.45,2,0
4.01,0.06,0.21,0.58,287.69,1,0
6.55,0.68,0.96,8.32,240.77,8,1
6.05,0.88,0.98,9.97,1229.3,10,1
5.65,0.68,0.91,5.98,835.72,15,1
6.51,0.61,0.8,5.82,496.95,5,1
3.76,0.38,0.27,1.09,375.27,2,0
1.08,0.25,0.37,2.99,12.98,1,0
0.32,0.15,0.11,0.91,393.18,2,0
6.69,0.76,0.7,7.4,680.4,17,1
6.63,0.9,0.76,7.26,2062.03,15,1
6.45,0.75,0.87,3.83,692.46,9,1
7.99,0.87,0.77,7.91,1657.88,11,1
8.99,0.8,0.9,5.18,2256.62,13,1
3.99,0.35,0.18,1.43,154.42,2,0
3.45,0.35,0.4,1.28,44.46,1,0
9.39,0.68,0.93,6.9,2452.14,18,1
4.2,0.26,0.25,0.53,205.28,2,0
2.36,0.09,0.07,1.0,375.97,1,0
7.28,0.73,0.62,6.15,1398.2,8,1
8.6,0.71,0.67,3.28,2116.63,18,1
9.68,0.78,0.72,6.93,1836.16,14,1
2.38,0.16,0.35,2.68,134.33,1,0
0.29,0.37,0.02,1.64,356.18,1,0
7.9,0.71,0.71,5.83,43.97,12,1
8.65,0.74,0.63,3.52,2278.46,19,1
1.67,0.23,0.36,0.02,324.27,1,0
2.85,0.24,0.38,2.36,9.62,2,0
8.46,0.89,1.0,5.01,1706.65,16,1
5.65,0.62,0.94,3.41,976.39,13,1
3.06,0.15,0.31,0.51,153.81,1,0
6.2,0.61,0.73,6.6,270.39,8,1
7.52,0.7,0.6,7.54,1557.38,3,1
3.27,0.35,0.1,1.35,370.33,2,0
5.46,0.78,0.76,9.07,2443.45,1,1
3.45,0.33,0.13,2.67,64.25,2,0
1.37,0.29,0.02,0.15,154.52,1,0
0.24,0.38,0.28,0.02,305.54,1,0
7.22,0.83,0.99,4.69,572.79,10,1
0.04,0.2,0.39,0.83,158.17,1,0
9.22,0.78,0.69,3.94,58.13,19,1
6.27,0.95,0.64,8.01,2092.56,12,1
6.83,0.76,0.99,9.68,193.33,9,1
6.34,0.77,0.64,8.23,1895.62,4,1
8.51,0.6,0.76,5.31,613.0,10,1
4.08,0.39,0.36,2.56,21.03,1,0
3.05,0.37,0.06,2.26,227.31,1,0
6.3,0.81,0.89,4.22,2014.58,18,1
7.46,0.72,0.67,6.53,1238.78,10,1
7.28,0.67,0.72,7.35,2329.56,18,1
4.17,0.23,0.26,1.38,211.48,1,0
0.43,0.35,0.2,0.89,106.05,1,0
3.98,0.07,0.04,0.44,350.85,2,0
1.34,0.36,0.17,0.39,296.92,1,0
5.56,0.62,0.7,3.95,1454.6,2,1
2.27,0.2,0.23,2.8,343.28,2,0
9.99,0.71,0.71,9.51,1984.37,8,1
6.74,0.61,0.64,7.77,411.38,15,1
4.56,0.18,0.02,1.09,330.56,2,0
4.13,0.34,0.19,2.35,378.75,2,0
7.63,0.63,0.99,5.52,1403.98,16,1
1.53,0.02,0.14,2.0,41.01,2,0
4.35,0.36,0.18,1.38,30.79,2,0
2.51,0.23,0.05,2.81,140.77,1,0
0.96,0.04,0.36,2.46,304.01,2,0
3.03,0.25,0.21,1.75,273.52,2,0
0.93,0.08,0.07,0.17,235.12,2,0
7.63,0.64,0.68,9.99,1282.9,1,1
8.68,0.85,0.83,8.19,164.71,14,1
1.53,0.3,0.25,0.23,205.13,1,0
9.06,0.83,0.85,8.47,667.57,8,1
4.75,0.12,0.01,1.3,13.2,1,0
0.83,0.28,0.07,0.71,197.75,2,0
0.07,0.37,0.39,0.67,83.24,1,0
1.16,0.06,0.27,1.78,301.93,1,0
4.64,0.07,0.0,2.95,362.46,2,0
1.26,0.37,0.11,2.69,41.39,1,0
8.07,0.69,0.82,7.79,1685.51,6,1
5.47,0.66,0.64,5.96,113.11,14,1
4.2,0.22,0.03,0.71,65.97,2,0
2.69,0.27,0.27,1.89,106.44,2,0
7.15,0.8,0.66,5.97,1111.82,17,1
4.93,0.27,0.1,2.4,42.81,1,0
4.09,0.18,0.2,0.65,31.32,1,0
4.68,0.38,0.07,2.62,294.97,1,0
4.38,0.11,0.0,0.49,139.81,2,0
0.14,0.15,0.25,0.44,329.2,2,0
4.9,0.35,0.07,0.14,231.84,2,0
9.1,1.0,0.68,4.86,772.36,2,1
0.68,0.39,0.39,0.49,119.77,2,0
8.91,0.68,0.7,3.65,1512.18,6,1
9.93,0.93,0.71,3.49,1004.64,5,1
6.53,0.79,0.63,7.28,288.65,17,1
6.81,0.81,1.0,6.32,345.65,13,1
4.07,0.29,0.1,2.73,61.77,2,0
5.08,0.95,0.69,4.48,256.01,12,1
0.96,0.29,0.27,1.03,7.64,1,0
5.1,0.83,0.78,6.63,1518.57,6,1
1.35,0.39,0.15,0.53,140.69,2,0
4.15,0.17,0.1,2.6,267.71,1,0
8.51,0.62,0.96,7.91,1550.56,5,1
4.0,0.18,0.29,1.76,196.95,2,0
6.09,0.7,0.93,6.24,2389.32,6,1
6.88,0.64,0.85,6.13,176.38,5,1
4.67,0.37,0.05,1.15,11.29,1,0
1.43,0.23,0.04,2.9,69.91,1,0
1.45,0.19,0.39,0.01,165.07,2,0
6.65,0.7,1.0,5.73,547.78,6,1
0.21,0.08,0.37,1.1,41.45,2,0
6.69,0.6,0.87,8.78,1071.43,12,1
5.61,0.85,0.96,7.37,996.79,3,1
8.86,0.79,0.96,9.35,2392.04,2,1
9.03,0.94,0.72,9.67,1054.85,4,1
7.0,0.99,0.81,6.52,1992.32,5,1
4.11,0.01,0.22,1.38,199.59,2,0
0.63,0.31,0.08,0.97,327.69,1,0
9.36,0.85,0.66,9.74,923.93,16,1
5.6,0.85,0.97,4.45,693.16,7,1
0.45,0.17,0.34,2.57,39.7,2,0
0.4,0.18,0.04,0.05,246.47,2,0
8.94,0.69,0.86,4.65,698.94,10,1
5.22,0.72,0.78,3.82,2250.4,4,1
4.68,0.21,0.38,1.61,157.68,1,0
1.7,0.32,0.14,0.17,221.68,1,0
7.46,0.83,0.7,8.56,1367.88,13,1
0.53,0.31,0.07,1.34,84.18,1,0
7.72,0.82,0.74,6.13,301.88,12,1
1.38,0.29,0.03,1.99,95.02,2,0
1.69,0.23,0.08,2.23,20.91,2,0
3.42,0.07,0.33,1.29,75.59,1,0
5.89,0.8,0.63,4.37,781.19,19,1
5.64,0.97,0.8,6.18,2038.68,17,1
5.02,1.0,0.92,8.51,1310.11,18,1
1.0,0.35,0.08,0.94,248.22,2,0
9.67,0.85,0.92,6.26,984.28,1,1
0.48,0.01,0.16,2.98,69.95,2,0
0.25,0.03,0.07,0.1,297.34,1,0
3.33,0.2,0.37,0.05,291.97,1,0
7.44,0.76,0.99,3.39,889.8,19,1
5.8,0.95,0.6,9.18,1363.82,16,1
5.58,0.99,0.61,8.62,237.77,5,1
5.5,0.68,1.0,3.02,112.99,1,1
3.05,0.0,0.36,1.57,105.07,2,0
1.29,0.13,0.16,0.15,198.61,1,0
1.22,0.37,0.04,0.8,208.08,1,0
5.76,0.92,0.88,4.33,979.87,5,1
0.35,0.14,0.2,1.48,1.58,2,0
6.89,0.94,0.86,7.56,715.18,2,1
8.65,0.8,0.77,4.18,817.94,12,1
0.87,0.13,0.01,1.2,219.95,1,0
3.37,0.4,0.35,1.42,207.87,1,0
4.21,0.2,0.39,0.29,121.23,1,0
3.35,0.27,0.18,2.51,384.65,2,0
6.82,0.94,0.68,8.79,2095.72,4,1
5.71,0.64,0.81,3.6,2065.81,3,1
9.34,0.95,0.74,3.58,249.21,11,1
8.16,0.67,0.83,6.53,1416.87,18,1
7.62,0.87,0.71,4.94,578.83,8,1
8.43,0.88,0.74,3.54,1551.97,12,1
7.33,0.62,0.62,8.02,1664.8,10,1
7.07,0.9,0.96,7.65,1942.43,10,1
5.37,0.71,0.99,7.17,5.89,19,1
8.88,0.78,0.78,9.69,248.96,12,1
1.2,0.19,0.18,1.75,142.71,1,0
0.3,0.37,0.25,0.58,242.55,2,0
5.2,0.9,0.93,9.78,480.43,12,1
4.46,0.29,0.2,2.98,106.44,1,0
0.44,0.17,0.3,2.08,396.26,2,0
4.25,0.18,0.37,1.32,219.51,2,0
9.37,0.62,0.96,5.3,1670.55,2,1
6.03,0.68,0.65,5.18,619.94,18,1
4.94,0.19,0.02,0.79,174.43,2,0
1.94,0.31,0.2,0.54,293.9,2,0
2.58,0.31,0.22,1.66,45.9,1,0
3.54,0.29,0.1,1.97,79.28,1,0
4.84,0.19,0.03,1.66,336.44,1,0
5.16,0.8,0.84,3.44,184.32,4,1
8.43,0.98,0.71,8.68,1714.81,14,1
3.63,0.09,0.18,2.39,218.83,1,0
2.59,0.05,0.21,0.38,237.0,2,0
7.03,0.99,0.64,4.88,2222.44,4,1
1.49,0.16,0.09,2.9,52.25,2,0
5.73,0.81,0.99,7.25,672.89,6,1
3.86,0.37,0.34,2.05,20.93,2,0
0.15,0.04,0.34,1.89,298.89,1,0
0.78,0.09,0.08,2.38,74.76,1,0
3.65,0.29,0.03,1.08,343.35,1,0
4.63,0.0,0.03,0.75,267.73,1,0
8.57,0.85,0.99,6.91,1682.34,1,1
2.51,0.06,0.18,1.0,208.73,2,0
6.29,0.61,0.71,6.88,1281.47,1,1
5.92,0.83,0.66,5.49,448.09,12,1
2.75,0.18,0.07,1.91,389.91,2,0
1.35,0.15,0.23,2.65,376.76,1,0
2.51,0.18,0.14,2.16,114.79,1,0
2.27,0.12,0.15,2.56,299.6,2,0
0.15,0.31,0.36,1.34,220.28,1,0
9.04,0.81,0.65,3.9,2392.17,10,1
8.03,0.62,0.87,6.71,472.14,11,1
0.57,0.16,0.19,1.62,327.34,2,0
5.36,0.74,0.9,6.07,439.46,1,1
1.69,0.36,0.23,0.26,179.92,2,0
8.01,0.88,0.64,6.48,2031.46,12,1
0.44,0.35,0.13,0.53,95.75,2,0
0.75,0.03,0.29,1.68,143.6,1,0
8.73,0.96,0.9,5.32,121.58,4,1
4.37,0.02,0.33,1.71,242.99,1,0
7.78,0.81,0.86,4.63,247.49,13,1
6.49,0.87,0.68,8.59,332.21,19,1
3.7,0.26,0.14,2.43,117.88,2,0
5.02,0.69,0.76,8.96,213.73,15,1
0.49,0.09,0.28,2.47,342.81,1,0
8.53,0.7,0.79,7.14,711.08,16,1
0.45,0.13,0.04,2.88,322.9,2,0
5.06,0.77,0.66,7.65,142.3,2,1
8.82,0.92,0.86,8.97,705.76,18,1
2.04,0.11,0.22,0.91,34.58,1,0
0.88,0.07,0.37,1.4,25.28,1,0
5.82,0.71,0.92,9.34,185.83,2,1
7.56,0.92,0.62,7.22,125.53,18,1
0.27,0.14,0.19,1.51,126.37,1,0
8.89,0.98,0.94,6.95,1366.03,16,1
7.34,0.71,0.98,5.19,1695.59,14,1
1.83,0.21,0.32,2.45,383.16,2,0
6.58,0.91,0.62,3.09,381.72,7,1
4.68,0.24,0.32,2.4,372.85,2,0
1.08,0.32,0.08,0.64,270.44,1,0
9.26,0.76,0.73,9.55,1463.49,14,1
9.84,0.97,0.67,3.85,2346.05,13,1
7.54,0.76,0.94,6.02,1972.7,9,1
8.14,0.71,0.96,7.44,2345.31,2,1
6.0,0.89,0.73,5.14,1248.76,18,1
1.7,0.34,0.17,0.58,76.44,2,0
0.15,0.0,0.03,1.61,341.78,1,0
1.03,0.14,0.06,1.53,184.23,1,0
4.17,0.3,0.19,0.33,46.16,2,0
7.11,0.69,0.68,3.26,210.01,4,1
9.01,0.75,0.96,3.49,2375.91,17,1
6.9,0.96,0.85,5.88,38.77,7,1
2.75,0.26,0.15,0.85,288.79,2,0
5.47,0.77,0.65,9.63,1339.34,13,1
1.53,0.24,0.22,0.01,28.96,1,0
0.68,0.09,0.35,0.06,301.09,2,0
0.47,0.19,0.36,1.92,165.46,1,0
4.78,0.21,0.16,2.86,256.84,1,0
8.46,0.96,0.94,5.9,928.57,17,1
7.73,0.77,0.9,8.8,31.05,7,1
1.76,0.13,0.19,2.63,16.11,2,0
5.16,0.98,0.7,4.68,2378.46,12,1
3.53,0.33,0.09,1.98,156.8,1,0
1.75,0.15,0.21,0.0,96.5,2,0
5.08,0.67,0.84,7.96,861.92,3,1
8.74,0.82,0.93,9.72,483.04,14,1
3.08,0.0,0.0,2.43,103.76,2,0
2.23,0.33,0.11,1.35,215.08,2,0
7.95,0.8,0.61,9.53,1969.97,17,1
7.44,0.95,0.81,9.51,1633.76,4,1
2.78,0.16,0.18,0.05,113.5,2,0
0.66,0.24,0.01,1.49,61.94,1,0
0.07,0.01,0.39,0.66,322.24,2,0
3.19,0.22,0.3,1.01,306.04,1,0
1.49,0.01,0.24,1.57,113.2,2,0
5.45,0.97,0.88,3.89,1807.22,2,1
1.38,0.39,0.13,2.99,398.47,2,0
5.33,0.61,0.7,9.17,2024.57,2,1
0.79,0.32,0.12,0.98,4.32,1,0
4.54,0.05,0.21,2.64,164.01,2,0
0.35,0.19,0.07,2.26,364.64,2,0
0.81,0.19,0.3,2.6,250.5,1,0
3.87,0.26,0.19,1.71,18.56,1,0
3.77,0.09,0.18,1.85,307.99,1,0
6.4,0.93,0.83,6.56,2042.58,7,1
2.05,0.25,0.28,2.13,20.79,2,0
8.78,0.71,0.96,8.72,2173.16,11,1
4.96,0.31,0.08,1.5,93.45,2,0
6.57,0.79,0.79,6.3,1046.39,11,1
2.43,0.2,0.07,2.44,216.7,1,0
7.33,0.71,0.89,7.45,66.19,3,1
6.26,0.76,0.75,8.56,1090.31,11,1
3.91,0.04,0.04,0.3,4.53,1,0
1.22,0.05,0.12,2.69,388.82,1,0
2.85,0.14,0.22,0.22,305.86,2,0
1.69,0.19,0.25,2.61,264.76,1,0
3.9,0.01,0.24,2.09,330.18,2,0
4.31,0.07,0.32,2.56,365.74,2,0
3.14,0.16,0.1,2.95,393.21,1,0
6.28,0.68,0.87,3.0,63.4,5,1
7.23,0.96,0.65,3.86,850.55,4,1
5.47,0.9,0.84,6.99,1038.85,18,1
4.28,0.37,0.38,1.66,136.41,2,0
5.53,0.8,0.66,9.85,1628.7,5,1
3.15,0.12,0.15,2.01,28.79,2,0
1.49,0.32,0.01,2.9,210.64,2,0
5.03,0.87,0.99,7.25,1345.25,1,1
2.01,0.08,0.33,2.23,264.64,1,0
7.87,0.69,0.94,9.6,1398.93,10,1
0.98,0.38,0.06,1.53,331.88,1,0
2.56,0.11,0.18,1.41,282.66,1,0
3.23,0.01,0.06,2.95,30.4,1,0
4.73,0.08,0.35,2.11,181.54,2,0
5.97,0.89,0.66,8.99,979.69,13,1
0.5,0.24,0.05,0.24,210.92,2,0
8.42,0.87,0.8,8.45,463.81,18,1
9.88,0.71,0.77,7.55,2177.44,15,1
4.06,0.05,0.01,2.07,120.56,1,0
2.86,0.16,0.15,0.65,267.84,2,0
5.36,0.64,0.77,5.49,1318.22,14,1
5.91,0.63,0.89,4.37,312.3,6,1
2.64,0.29,0.02,2.66,281.2,1,0
0.97,0.08,0.01,2.69,84.28,1,0
5.18,0.96,0.91,6.15,764.51,10,1
1.28,0.26,0.05,1.61,174.86,1,0
2.49,0.04,0.12,2.95,384.29,2,0
7.4,0.75,0.97,5.58,1452.01,3,1
3.49,0.12,0.13,0.93,8.02,2,0
7.49,0.87,0.61,9.1,1383.04,15,1
8.58,0.7,0.95,8.69,707.01,3,1
6.68,0.83,0.94,3.55,2245.54,11,1
7.53,0.99,0.71,8.55,1958.48,19,1
4.65,0.33,0.4,0.07,45.14,1,0
1.69,0.22,0.3,2.35,129.84,2,0
2.8,0.29,0.14,1.84,234.15,2,0
2.14,0.11,0.15,2.51,59.45,1,0
3.51,0.32,0.14,1.21,157.47,1,0
3.86,0.17,0.3,2.88,183.59,1,0
9.15,0.88,0.98,5.86,371.88,16,1
2.71,0.09,0.23,2.46,11.43,1,0
8.6,0.8,0.96,9.44,2195.09,6,1
3.11,0.28,0.12,1.24,89.51,2,0
4.58,0.28,0.27,1.18,0.51,1,0
2.45,0.15,0.09,2.47,243.34,2,0
9.2,0.89,0.96,3.82,167.53,12,1
1.52,0.07,0.31,0.94,365.78,1,0
0.94,0.25,0.13,0.63,125.27,1,0
4.2,0.19,0.02,1.92,20.24,1,0
2.19,0.34,0.23,0.47,276.25,1,0
1.86,0.06,0.16,0.34,230.75,1,0
1.63,0.39,0.27,0.13,130.65,1,0
7.79,0.96,0.99,3.32,1161.92,4,1
1.0,0.13,0.24,0.22,58.98,2,0
4.06,0.32,0.08,0.33,288.51,1,0
0.19,0.25,0.31,1.5,143.01,1,0
8.63,0.93,0.77,8.35,1347.84,2,1
2.89,0.3,0.39,0.22,21.37,1,0
7.9,0.82,0.9,6.49,1087.97,11,1
0.36,0.35,0.1,1.78,374.4,1,0
4.22,0.36,0.11,2.13,39.99,2,0
1.78,0.02,0.01,1.66,304.81,1,0
5.46,0.73,0.77,4.96,894.09,9,1
2.13,0.39,0.22,2.79,2.14,2,0
4.64,0.02,0.17,2.12,185.08,2,0
0.71,0.0,0.32,0.26,253.54,1,0
3.63,0.23,0.07,2.02,53.39,1,0
7.32,0.84,0.67,8.19,1926.03,12,1
4.45,0.21,0.23,2.01,384.55,2,0
0.98,0.25,0.04,1.17,285.33,1,0
2.64,0.32,0.34,1.94,135.5,2,0
1.24,0.13,0.13,0.08,136.42,1,0
2.19,0.37,0.25,0.86,255.38,1,0
2.45,0.14,0.37,0.07,232.57,1,0
9.77,0.84,0.97,4.42,2254.9,10,1
5.19,0.65,0.99,5.21,981.89,17,1
4.22,0.1,0.17,1.85,192.48,1,0
7.58,0.7,0.98,9.34,1402.52,10,1
2.78,0.34,0.37,0.55,174.74,2,0
6.0,0.77,0.68,9.14,1574.62,17,1
2.36,0.16,0.09,2.19,52.7,2,0
3.07,0.33,0.2,0.36,5.46,2,0
1.25,0.33,0.2,0.41,228.4,1,0
5.68,0.68,0.62,4.39,1866.34,19,1
7.15,0.99,0.72,7.2,599.33,4,1
2.72,0.26,0.15,1.94,17.91,2,0
0.47,0.21,0.23,1.48,292.75,1,0
6.58,0.76,0.66,6.52,353.23,15,1
4.91,0.16,0.17,1.22,129.82,1,0
9.02,0.62,1.0,3.91,315.82,14,1
3.66,0.17,0.27,1.83,307.59,2,0
5.57,0.76,0.86,7.98,935.3,3,1
4.32,0.31,0.07,2.47,307.7,1,0
0.19,0.18,0.05,1.05,399.29,1,0
1.82,0.26,0.36,0.49,152.56,2,0
4.96,0.32,0.27,1.04,68.56,2,0
0.29,0.36,0.21,2.01,332.63,2,0
8.82,0.83,0.7,9.87,102.81,17,1
7.1,0.96,0.99,7.46,2339.94,16,1
7.05,0.61,0.71,8.63,603.02,19,1
8.91,0.91,0.78,8.55,523.82,15,1
2.8,0.38,0.25,0.78,116.96,2,0
8.6,0.87,0.64,9.46,1418.33,16,1
8.37,0.62,0.87,8.9,1687.62,11,1
3.09,0.18,0.36,1.49,336.72,2,0
2.27,0.3,0.09,0.03,310.62,1,0
1.77,0.26,0.1,0.33,317.75,2,0
1.35,0.32,0.21,0.16,182.78,2,0
8.53,0.78,0.64,7.95,2279.33,12,1
8.53,0.96,0.86,8.42,1111.44,9,1
3.16,0.1,0.38,0.51,386.26,1,0
6.19,0.93,0.68,4.69,2016.24,18,1
1.25,0.24,0.23,1.11,194.42,1,0
8.89,0.9,0.96,6.14,1506.82,2,1
2.22,0.23,0.39,1.6,362.13,2,0
8.74,0.65,0.7,8.65,308.92,3,1
2.14,0.08,0.25,2.05,50.18,2,0
3.32,0.16,0.11,2.19,96.87,2,0
3.97,0.4,0.27,2.95,11.53,1,0
5.63,0.97,0.95,4.64,486.86,1,1
0.67,0.12,0.25,2.07,161.66,2,0
8.52,0.86,0.75,9.66,1316.33,3,1
6.21,0.87,0.68,9.27,2001.13,5,1
7.01,0.91,0.99,3.89,1617.6,10,1
9.03,0.64,0.99,7.34,159.11,10,1
1.44,0.09,0.29,0.12,37.91,1,0
5.01,0.69,0.74,9.94,1148.01,15,1
9.37,0.76,0.73,4.45,1338.36,16,1
2.84,0.27,0.0,2.79,44.37,2,0
1.28,0.05,0.02,0.92,63.06,2,0
4.63,0.36,0.29,1.1,42.45,1,0
6.48,0.89,0.95,4.35,2326.25,6,1
4.88,0.3,0.17,0.01,125.31,1,0
2.95,0.04,0.22,2.11,317.08,2,0
5.03,0.73,0.86,8.11,1963.36,8,1
4.57,0.32,0.37,2.94,4.27,2,0
9.98,0.64,0.67,3.91,1157.3,14,1
0.11,0.33,0.01,1.97,146.04,2,0
0.31,0.33,0.2,0.4,354.28,2,0
2.55,0.17,0.16,0.08,134.22,1,0
8.61,0.92,0.92,3.89,537.82,1,1
3.47,0.03,0.08,2.31,336.58,1,0
3.49,0.08,0.01,1.44,205.48,2,0
5.2,0.68,0.67,5.36,1664.52,5,1
4.3,0.38,0.37,1.14,31.46,2,0
2.47,0.05,0.28,0.62,176.49,2,0
8.36,0.88,0.82,9.33,1101.11,8,1
8.93,0.78,0.98,6.4,2134.62,1,1
7.34,0.99,0.9,8.68,1595.36,17,1
4.17,0.2,0.31,2.5,139.21,1,0
0.26,0.06,0.33,0.4,93.36,2,0
3.52,0.26,0.39,2.59,179.53,1,0
7.19,0.76,0.9,7.07,1090.29,6,1
6.7,0.73,0.83,3.47,449.9,15,1
7.98,0.64,0.84,3.63,572.53,14,1
1.79,0.11,0.32,1.1,126.8,1,0
2.69,0.18,0.08,0.01,96.6,1,0
7.62,0.74,1.0,8.41,764.19,3,1
0.75,0.23,0.1,0.68,4.61,1,0
1.34,0.28,0.0,2.61,12.15,2,0
0.32,0.34,0.38,0.74,180.04,2,0
3.35,0.03,0.3,0.16,217.17,2,0
8.45,0.83,0.94,3.82,538.81,18,1
4.59,0.36,0.3,0.59,337.35,2,0
9.81,0.96,0.71,8.62,202.13,14,1
4.82,0.04,0.01,0.17,20.96,2,0
3.52,0.03,0.26,1.96,382.49,2,0
0.55,0.17,0.13,0.11,54.69,2,0
1.16,0.07,0.32,0.41,187.46,1,0
1.44,0.13,0.17,0.42,8.91,1,0
6.55,0.71,0.99,4.07,0.33,9,1
4.61,0.35,0.18,2.57,19.36,2,0
9.78,0.97,0.78,8.92,1521.46,9,1
7.44,0.88,0.81,5.74,774.91,6,1
3.94,0.22,0.13,0.41,355.03,2,0
3.31,0.33,0.05,2.58,237.93,2,0
4.02,0.15,0.16,0.29,365.83,1,0
5.33,0.67,1.0,6.94,1289.94,12,1
9.49,0.86,0.95,6.4,2362.37,3,1
9.76,0.78,0.67,4.39,2498.84,8,1
6.72,0.62,0.71,8.38,177.22,18,1
8.88,0.92,0.82,5.17,2052.57,16,1
2.71,0.21,0.14,1.56,262.15,2,0
3.76,0.33,0.35,1.46,252.25,1,0
8.2,0.95,0.77,9.38,84.87,11,1
3.8,0.2,0.26,0.31,337.81,2,0
4.24,0.01,0.24,0.83,344.93,1,0
7.34,0.7,0.96,6.8,648.01,6,1
3.03,0.24,0.33,1.28,110.18,1,0
2.48,0.12,0.37,1.77,163.1,1,0
7.06,0.69,0.83,5.6,1713.19,19,1
2.43,0.39,0.0,2.7,372.45,2,0
3.54,0.07,0.1,2.43,378.87,2,0
2.73,0.01,0.07,1.5,237.58,1,0
0.72,0.0,0.32,0.53,242.49,2,0
2.08,0.26,0.12,1.82,209.5,2,0
1.32,0.0,0.21,1.82,385.15,2,0
2.08,0.18,0.14,1.88,313.76,1,0
7.52,0.9,0.8,3.47,644.78,13,1
3.71,0.34,0.03,0.09,103.4,2,0
1.57,0.3,0.09,1.17,346.29,2,0
3.33,0.09,0.26,1.27,61.18,2,0
7.27,0.75,0.99,5.74,952.7,15,1
6.41,0.69,0.89,3.22,608.53,12,1
8.05,0.68,0.7,4.22,683.69,11,1
2.09,0.29,0.05,2.42,101.28,2,0
9.02,0.92,0.65,5.79,1233.02,9,1
7.68,0.88,0.74,3.78,2111.7,17,1
1.54,0.26,0.23,1.42,198.33,1,0
5.57,0.74,0.99,6.56,285.11,11,1
7.53,0.65,0.79,8.35,1617.34,2,1
1.41,0.09,0.21,0.47,266.65,1,0
9.23,0.74,0.86,7.97,1407.31,6,1
8.14,0.72,0.99,7.92,1508.38,16,1
6.31,0.74,0.76,8.04,2404.06,10,1
8.99,0.91,0.74,5.09,814.22,7,1
4.67,0.26,0.18,0.13,368.05,2,0
0.72,0.37,0.18,2.98,168.03,1,0
3.11,0.2,0.33,2.58,246.25,2,0
4.16,0.08,0.18,2.08,254.96,1,0
8.36,0.6,0.97,3.79,1366.11,16,1
4.67,0.38,0.37,1.64,142.48,2,0
3.49,0.12,0.04,0.82,332.71,1,0
1.49,0.24,0.2,0.16,376.89,1,0
1.83,0.37,0.31,2.27,242.69,1,0
3.44,0.04,0.06,1.28,78.28,2,0
1.08,0.03,0.19,1.54,331.67,1,0
0.55,0.34,0.34,1.96,200.91,1,0
2.97,0.07,0.05,2.94,157.49,2,0
0.54,0.08,0.06,2.39,25.16,2,0
6.57,0.78,0.76,9.05,242.76,2,1
4.94,0.22,0.11,1.2,68.05,2,0
1.7,0.13,0.26,2.55,243.68,1,0
0.96,0.26,0.26,2.86,310.06,1,0
3.68,0.23,0.03,0.35,238.59,1,0
6.33,0.67,0.88,7.52,298.02,12,1
3.19,0.22,0.0,2.09,150.42,2,0
2.56,0.18,0.26,2.04,223.49,2,0
7.57,0.67,0.99,3.76,730.86,16,1
4.26,0.22,0.21,1.21,64.64,1,0
1.43,0.15,0.03,0.16,101.38,1,0
3.08,0.24,0.12,2.05,317.92,2,0
1.53,0.21,0.15,1.69,45.81,1,0
5.21,0.71,0.7,6.92,1684.97,9,1
3.68,0.08,0.06,0.95,390.43,2,0
8.32,0.8,0.81,6.03,742.05,14,1
6.58,0.83,0.98,9.01,1174.19,10,1
4.06,0.3,0.29,0.53,329.87,2,0
0.15,0.05,0.35,2.26,169.15,2,0
4.18,0.29,0.21,0.14,373.38,1,0
7.35,0.73,0.9,5.31,1478.37,3,1
2.16,0.03,0.2,2.11,205.29,1,0
4.55,0.33,0.21,2.31,209.08,1,0
8.58,0.65,0.72,4.01,178.12,10,1
4.01,0.1,0.02,1.87,225.0,2,0
4.69,0.34,0.36,1.4,262.98,1,0
4.47,0.29,0.23,2.07,375.64,1,0
8.73,0.81,0.71,8.44,1923.66,16,1
9.69,0.81,0.84,3.22,1875.99,17,1
7.05,0.82,0.82,6.48,1643.33,14,1
1.05,0.13,0.1,1.67,43.29,2,0
1.84,0.38,0.33,2.56,68.88,1,0
6.33,0.78,0.61,8.39,481.09,18,1
2.82,0.0,0.17,1.22,45.58,1,0
2.3,0.4,0.09,0.93,393.7,2,0
0.08,0.37,0.32,2.51,37.31,2,0
0.77,0.2,0.17,2.63,50.42,2,0
4.66,0.03,0.2,2.06,316.76,2,0
7.77,0.92,0.6,7.42,1340.86,9,1
0.64,0.04,0.24,1.6,106.55,2,0
2.51,0.21,0.18,0.77,48.14,1,0
9.64,0.78,0.89,5.57,970.9,8,1
5.07,0.94,0.81,3.97,1561.56,8,1
6.54,0.62,0.85,4.74,2110.38,7,1
9.95,0.71,0.7,8.41,1362.35,4,1
6.48,0.71,0.66,5.02,1687.2,10,1
9.05,0.99,0.86,4.95,714.61,8,1
0.44,0.34,0.29,1.83,328.12,2,0
3.98,0.39,0.19,1.72,177.92,2,0
4.38,0.32,0.38,0.3,106.05,1,0
6.7,0.63,0.67,8.36,2297.14,7,1
6.75,0.88,0.75,6.89,2168.53,14,1
6.25,0.85,0.8,9.92,926.36,3,1
6.69,0.92,0.88,8.36,2018.01,8,1
0.87,0.24,0.28,1.03,277.55,1,0
3.81,0.02,0.4,2.26,345.56,1,0
7.03,0.82,0.69,8.76,1999.12,14,1
9.27,0.87,0.81,8.81,1129.79,6,1
4.05,0.1,0.25,1.33,253.08,2,0
9.37,0.63,0.7,7.87,2289.73,4,1
9.93,0.89,0.85,3.33,650.21,5,1
4.75,0.4,0.09,2.18,151.21,1,0
2.7,0.05,0.21,1.19,72.14,1,0
1.5,0.07,0.16,0.7,213.92,1,0
0.43,0.28,0.02,0.18,122.13,2,0
7.99,0.71,0.81,6.62,439.27,4,1
0.15,0.4,0.25,1.68,23.8,1,0
0.94,0.28,0.12,0.89,118.54,1,0
0.82,0.06,0.18,1.16,285.69,2,0
7.38,0.62,0.99,8.01,1341.79,11,1
7.19,0.74,0.63,7.71,243.9,2,1
0.1,0.29,0.19,2.44,381.86,1,0
1.41,0.33,0.13,2.18,48.4,1,0
9.59,0.93,0.99,9.16,980.13,11,1
5.04,0.9,0.64,3.58,1535.42,7,1
0.22,0.14,0.07,1.94,185.71,1,0
5.37,0.79,0.85,3.67,784.33,17,1
0.44,0.24,0.12,0.48,217.81,1,0
6.52,0.93,0.69,4.7,220.87,7,1
8.05,0.98,0.87,3.52,2314.4,8,1
8.65,0.99,0.66,4.59,835.58,17,1
0.17,0.24,0.07,1.04,139.19,2,0
5.22,0.76,0.77,6.16,78.4,14,1
3.19,0.26,0.33,0.32,201.9,1,0
4.41,0.34,0.23,0.75,264.49,1,0
8.1,0.96,0.8,8.77,974.07,18,1
1.76,0.29,0.06,0.76,62.66,2,0
7.74,0.66,0.65,9.61,144.52,9,1
3.3,0.18,0.09,2.18,283.14,1,0
7.49,0.74,0.7,5.79,2113.25,5,1
1.79,0.33,0.01,0.73,61.03,2,0
1.23,0.36,0.04,2.95,344.1,2,0
5.83,0.97,0.77,4.95,2360.34,19,1
7.98,0.95,0.62,5.7,1982.1,14,1
1.38,0.32,0.37,1.81,321.22,1,0
2.51,0.13,0.05,1.13,268.91,2,0
4.94,0.13,0.21,1.53,381.76,2,0
7.6,0.83,0.98,4.37,653.81,13,1
1.8,0.24,0.05,0.17,164.8,1,0
3.91,0.18,0.28,1.16,63.97,1,0
5.7,0.81,0.83,6.34,2026.8,17,1
2.77,0.18,0.11,0.89,153.24,2,0
5.55,0.86,0.73,8.37,2330.4,6,1
4.05,0.31,0.09,2.15,320.02,1,0
4.83,0.38,0.35,1.5,56.36,2,0
1.29,0.09,0.19,1.5,86.03,2,0
8.15,0.92,0.65,6.63,208.51,15,1
1.02,0.07,0.05,0.42,299.26,2,0
9.19,0.77,0.89,6.57,316.29,9,1
9.26,0.87,0.71,7.82,245.44,10,1
3.24,0.14,0.31,1.73,394.11,1,0
9.96,0.68,0.83,9.48,2450.45,2,1
9.1,0.62,0.9,4.87,2198.48,8,1
8.97,0.79,0.82,9.97,1846.18,15,1
7.16,0.62,0.64,7.61,26.44,12,1
7.59,0.61,0.71,6.6,2373.78,18,1
6.18,0.91,0.99,6.26,1529.62,10,1
4.93,0.21,0.05,2.48,100.74,1,0
9.39,0.91,0.61,6.51,1902.7,8,1
0.99,0.2,0.32,1.43,214.65,2,0
5.06,0.7,0.89,7.23,40.02,19,1
8.65,0.92,0.94,9.94,2007.41,4,1
0.42,0.25,0.0,0.13,361.59,2,0
7.87,0.95,0.79,3.55,1364.53,8,1
7.8,0.87,0.99,8.1,268.07,16,1
6.43,0.81,0.71,4.47,951.18,13,1
3.67,0.23,0.33,1.69,385.76,2,0
8.37,0.96,0.92,4.29,2018.98,5,1
3.74,0.32,0.39,1.72,88.1,1,0
5.12,0.75,0.66,6.91,313.18,2,1
2.9,0.15,0.01,0.38,301.69,2,0
4.69,0.05,0.08,0.09,173.57,2,0
0.1,0.21,0.25,0.7,231.57,2,0
4.18,0.36,0.33,0.31,90.98,1,0
1.93,0.31,0.25,0.25,329.59,2,0
0.27,0.0,0.26,0.87,101.4,1,0
9.57,0.79,0.83,9.5,1401.1,11,1
8.71,0.9,0.87,4.64,1770.17,5,1
6.81,0.9,0.84,4.24,1372.55,14,1
0.3,0.18,0.07,1.46,332.07,1,0
0.62,0.23,0.27,1.32,381.27,2,0
1.62,0.12,0.01,2.45,180.15,2,0
2.43,0.36,0.33,0.44,283.27,1,0
6.09,0.75,0.73,4.23,381.3,1,1
1.84,0.02,0.31,2.11,239.16,2,0
7.52,0.61,0.6,4.68,1242.36,11,1
2.96,0.0,0.01,2.11,111.63,2,0
3.36,0.0,0.39,2.63,358.04,1,0
1.04,0.12,0.31,2.6,207.69,1,0
6.12,0.82,0.91,7.34,801.6,7,1
4.42,0.28,0.19,1.54,54.77,2,0
8.88,0.81,0.73,4.81,1791.43,18,1
1.22,0.35,0.3,2.7,327.36,1,0
3.18,0.12,0.39,0.82,81.06,1,0
1.3,0.36,0.01,1.04,287.6,1,0
8.06,0.89,0.77,8.3,1176.17,15,1
4.89,0.39,0.17,0.8,121.04,2,0
9.86,0.85,0.99,5.36,178.08,12,1
3.17,0.18,0.22,0.85,9.7,1,0
5.86,0.64,0.85,3.66,16.41,10,1
0.08,0.34,0.06,2.51,6.23,1,0
4.97,0.09,0.25,1.38,15.78,2,0
4.14,0.27,0.03,0.92,115.19,2,0
1.99,0.25,0.31,2.35,207.71,1,0
2.4,0.07,0.19,1.48,195.97,2,0
6.15,0.69,0.96,8.84,1847.39,19,1
0.17,0.27,0.16,1.34,349.47,1,0
0.7,0.21,0.1,0.55,25.93,2,0
2.35,0.18,0.18,1.23,215.43,1,0
8.2,0.8,0.94,9.12,1031.6,19,1
3.4,0.03,0.18,2.23,394.32,1,0
6.17,0.81,0.67,5.14,1071.37,14,1
3.64,0.19,0.2,2.55,272.37,1,0
4.53,0.31,0.25,0.95,216.75,2,0
6.41,0.7,0.95,9.08,378.38,5,1
6.31,0.81,0.73,9.02,2159.28,6,1
7.1,0.61,0.75,4.92,1371.9,12,1
0.8,0.31,0.39,0.06,279.61,1,0
3.97,0.37,0.27,0.71,357.81,2,0
0.42,0.27,0.27,2.01,376.93,2,0
9.77,0.97,0.62,5.52,489.26,13,1
9.61,0.79,0.85,8.81,1531.72,18,1
3.74,0.27,0.4,2.14,65.61,2,0
0.72,0.21,0.0,0.95,270.88,2,0
3.91,0.22,0.06,0.75,295.39,1,0
0.64,0.4,0.1,2.17,363.21,2,0
8.23,0.77,0.72,9.39,1461.93,2,1
0.4,0.32,0.17,2.4,101.52,2,0
6.0,0.7,0.77,4.63,2283.19,13,1
6.67,0.62,0.66,9.42,624.42,17,1
7.83,0.66,0.88,9.34,1629.76,2,1
2.66,0.08,0.11,2.3,188.14,1,0
8.93,0.75,0.64,7.44,710.2,1,1
6.9,0.93,0.75,7.21,292.02,1,1
5.66,0.84,0.85,3.37,2152.29,6,1
1.27,0.34,0.36,0.58,52.18,1,0
7.85,0.7,0.8,8.67,2413.26,3,1
3.24,0.2,0.2,0.52,111.49,2,0
8.23,0.76,0.93,6.97,1100.49,3,1
1.19,0.12,0.38,2.48,279.12,2,0
8.21,0.81,0.71,6.36,164.22,16,1
9.19,0.64,0.94,4.07,1891.02,5,1
3.67,0.16,0.17,0.43,329.1,2,0
4.26,0.39,0.11,2.15,157.7,2,0
0.24,0.0,0.24,0.85,352.22,2,0
2.3,0.1,0.15,0.06,209.6,1,0
0.1,0.01,0.21,2.09,376.86,2,0
8.99,0.81,0.83,8.97,105.77,14,1
1.63,0.2,0.38,2.2,299.1,1,0
1.22,0.02,0.34,0.03,374.84,2,0
0.71,0.01,0.32,1.8,284.37,1,0
7.64,0.84,0.72,3.25,844.79,10,1
8.83,0.89,0.95,7.48,1230.36,1,1
7.21,0.86,0.8,7.34,2057.65,11,1
4.96,0.04,0.05,2.48,345.9,2,0
9.46,0.61,0.9,8.31,43.31,15,1
5.02,0.98,0.84,8.74,53.13,12,1
2.05,0.38,0.35,0.89,63.71,1,0
2.34,0.05,0.26,0.22,151.28,2,0
1.55,0.39,0.05,2.87,36.4,2,0
4.99,0.21,0.22,1.18,124.02,2,0
4.23,0.12,0.14,2.72,360.39,2,0
4.28,0.11,0.07,1.14,357.75,2,0
2.65,0.13,0.03,2.69,321.07,1,0
2.82,0.24,0.26,1.49,7.15,2,0
3.05,0.04,0.19,0.58,83.35,2,0
6.63,0.97,0.77,9.74,1320.79,18,1
0.7,0.14,0.16,1.53,371.63,2,0
4.67,0.2,0.0,0.33,229.21,2,0
3.27,0.34,0.21,0.62,209.88,2,0
2.03,0.12,0.27,2.54,277.45,2,0
3.75,0.11,0.23,2.68,190.08,2,0
1.45,0.28,0.19,1.38,393.46,1,0
4.13,0.34,0.23,1.15,373.82,2,0
1.37,0.29,0.33,2.14,292.1,2,0
7.94,0.66,0.6,4.72,79.36,3,1
0.37,0.09,0.3,1.31,282.11,2,0
6.43,0.79,0.98,4.73,351.56,17,1
9.23,0.72,1.0,3.27,1181.89,1,1
4.84,0.19,0.29,1.11,73.75,2,0
6.32,0.63,0.75,8.83,2037.32,5,1
1.44,0.38,0.3,2.92,15.02,2,0
2.89,0.15,0.38,0.99,37.95,2,0
3.47,0.16,0.15,1.37,70.82,2,0
0.13,0.24,0.06,2.4,342.63,1,0
2.43,0.09,0.08,0.5,310.86,2,0
0.4,0.26,0.01,2.5,69.88,1,0
7.13,0.84,0.82,7.56,1899.11,17,1
0.23,0.07,0.37,2.93,295.9,1,0
3.15,0.24,0.14,1.45,238.94,1,0
3.86,0.0,0.36,0.81,267.17,1,0
3.97,0.08,0.38,1.51,366.79,1,0
8.35,0.85,0.69,9.28,407.27,19,1
0.65,0.07,0.14,1.23,139.48,2,0
3.22,0.16,0.21,2.84,238.08,1,0
6.46,0.75,0.91,7.17,606.01,9,1
9.74,0.85,0.66,8.06,533.18,6,1
0.64,0.28,0.2,0.08,369.9,1,0
9.85,0.68,0.62,9.73,2154.32,10,1
3.25,0.19,0.34,1.41,347.45,1,0
0.49,0.05,0.27,2.03,391.64,1,0
1.87,0.25,0.32,0.84,222.72,1,0
2.55,0.22,0.16,1.38,46.41,2,0
0.43,0.39,0.02,2.26,210.04,2,0
3.63,0.4,0.4,2.23,295.83,1,0
7.72,0.64,0.97,5.62,1458.39,11,1
3.78,0.26,0.09,2.19,102.76,1,0
9.17,0.74,0.84,4.07,1167.09,12,1
3.34,0.22,0.32,1.48,119.99,1,0
2.07,0.34,0.09,0.02,260.53,2,0
6.27,0.85,0.81,3.42,1893.12,5,1
1.62,0.01,0.3,0.64,333.79,2,0
1.15,0.1,0.01,0.89,233.85,2,0
5.96,0.96,0.68,3.18,1857.94,14,1
4.56,0.38,0.33,1.05,362.35,1,0
0.86,0.31,0.09,0.24,349.97,2,0
0.81,0.16,0.33,1.98,157.92,1,0
1.77,0.36,0.07,0.45,230.76,1,0
0.7,0.16,0.16,0.48,369.07,2,0
9.69,0.89,0.78,6.99,473.75,1,1
8.45,0.96,0.65,7.0,2162.33,11,1
2.4,0.35,0.14,2.78,279.46,1,0
2.94,0.37,0.22,1.52,88.94,1,0
3.21,0.35,0.27,1.07,205.08,1,0
1.98,0.19,0.34,1.57,77.39,2,0
9.77,0.88,0.62,9.35,1582.56,4,1
0.47,0.28,0.2,0.57,6.27,2,0
3.99,0.38,0.24,0.76,369.66,1,0
4.44,0.1,0.05,2.83,184.46,1,0
6.93,0.76,0.67,3.16,1912.86,3,1
2.25,0.17,0.1,1.12,43.26,1,0
9.31,0.93,0.61,3.64,1369.06,14,1
1.79,0.39,0.39,1.33,318.03,2,0
6.37,0.65,0.93,9.97,1448.76,10,1
7.35,0.91,0.64,8.38,593.33,17,1
7.35,0.73,0.88,8.78,791.47,7,1
6.77,0.99,0.73,5.87,19.29,3,1
5.15,0.77,0.83,9.14,423.04,8,1
9.78,0.75,0.86,3.24,513.28,15,1
9.26,0.91,0.72,5.27,450.56,5,1
8.3,0.75,0.91,3.85,1147.57,10,1
2.35,0.14,0.34,2.56,8.92,2,0
2.17,0.1,0.25,0.54,302.75,2,0
3.36,0.1,0.13,2.5,304.72,2,0
7.9,0.69,0.63,7.38,1858.23,15,1
4.7,0.22,0.24,2.93,256.85,1,0
6.0,0.85,0.83,5.68,1203.94,13,1
8.2,0.84,0.66,4.45,102.58,7,1
3.92,0.12,0.2,1.86,327.79,1,0
4.51,0.37,0.31,0.68,9.92,2,0
0.9,0.02,0.11,2.5,117.56,1,0
8.34,0.77,0.78,3.46,2100.24,3,1
8.51,0.98,0.71,6.08,487.75,14,1
0.16,0.18,0.19,1.63,268.38,2,0
9.37,0.67,0.77,4.31,379.5,17,1
7.98,0.99,0.99,7.06,2331.12,12,1
9.48,0.71,0.71,5.12,350.67,10,1
6.62,0.85,0.95,6.73,610.45,10,1
6.5,0.71,0.84,8.72,209.99,7,1
3.17,0.09,0.02,1.85,18.96,2,0
2.94,0.13,0.22,2.19,16.93,2,0
9.17,0.72,0.76,5.43,866.12,6,1
5.26,0.98,0.66,7.96,983.87,19,1
5.71,0.94,0.89,7.65,1887.88,4,1
1.16,0.02,0.38,0.94,177.04,1,0
0.34,0.33,0.1,2.07,369.48,1,0
7.83,0.73,0.67,9.01,1477.52,9,1
4.0,0.2,0.05,1.31,336.99,1,0
1.96,0.0,0.11,1.79,319.71,2,0
8.91,0.99,0.73,3.26,829.7,6,1
8.65,0.77,0.99,5.45,746.37,13,1
5.68,0.71,0.68,9.18,694.77,14,1
3.03,0.28,0.11,1.44,17.76,2,0
9.9,0.74,0.85,5.18,356.09,10,1
3.44,0.13,0.22,0.44,181.03,2,0
0.27,0.34,0.25,1.47,355.99,1,0
5.6,0.77,0.63,3.69,1319.15,3,1
1.45,0.11,0.31,0.77,178.5,2,0
1.83,0.04,0.27,0.02,190.12,2,0
9.04,0.65,0.99,7.44,340.99,9,1
1.48,0.22,0.09,1.33,193.69,2,0
2.09,0.3,0.16,2.48,106.92,1,0
7.0,0.99,0.64,5.97,2338.65,3,1
8.14,0.73,0.87,3.22,1966.83,19,1
9.15,0.66,0.93,6.78,1492.14,2,1
0.58,0.17,0.11,0.21,216.88,2,0
6.72,0.76,0.9,6.38,234.94,19,1
6.74,0.99,0.8,3.78,1984.89,3,1
7.72,0.94,0.95,4.12,1369.88,5,1
1.81,0.16,0.07,1.13,321.58,1,0
4.27,0.27,0.01,0.65,27.79,1,0
6.68,0.7,0.83,9.75,961.93,16,1
6.96,0.94,0.96,6.54,2003.85,3,1
2.41,0.18,0.17,1.53,378.02,2,0
2.83,0.28,0.34,1.39,304.42,1,0
4.3,0.33,0.05,2.55,165.63,1,0
5.42,0.62,0.64,5.41,1119.85,2,1
7.22,0.63,0.71,8.47,1900.17,2,1
0.54,0.1,0.36,2.15,255.82,1,0
6.68,0.95,0.81,6.7,256.71,8,1
3.98,0.21,0.05,0.65,262.49,2,0
6.59,0.62,0.88,9.24,750.2,17,1
9.52,0.7,0.68,9.79,2135.83,17,1
8.5,0.72,0.93,3.49,481.48,13,1
2.43,0.14,0.17,2.79,364.3,1,0
8.5,0.61,0.94,7.86,668.79,11,1
2.17,0.29,0.11,0.3,140.97,2,0
1.43,0.1,0.15,1.5,380.46,1,0
3.04,0.38,0.4,1.12,119.52,2,0
4.46,0.37,0.09,0.13,122.16,2,0
3.44,0.01,0.13,0.43,93.19,1,0
7.08,0.67,0.65,7.05,936.54,3,1
1.36,0.38,0.19,0.18,291.71,1,0
8.67,0.67,0.71,9.05,35.95,6,1
4.51,0.04,0.05,1.49,42.65,1,0
1.66,0.15,0.24,0.21,102.35,2,0
0.59,0.28,0.16,0.62,161.1,1,0
7.59,0.91,0.67,8.27,47.94,8,1
5.96,0.9,0.65,3.73,167.07,8,1
4.03,0.11,0.35,2.5,371.65,1,0
7.19,0.72,0.99,8.7,809.51,19,1
3.58,0.01,0.17,2.26,233.24,1,0
4.05,0.34,0.36,1.53,277.71,2,0
4.34,0.26,0.18,1.99,282.67,1,0
5.11,0.6,0.64,4.68,2477.55,8,1
5.8,0.75,0.69,5.14,563.52,8,1
4.35,0.23,0.17,1.92,327.28,1,0
3.66,0.23,0.18,2.28,27.17,2,0
6.98,0.67,0.75,5.61,795.85,6,1
8.58,0.88,0.99,5.1,347.25,10,1
2.85,0.09,0.3,0.93,368.85,2,0
4.55,0.08,0.32,0.39,96.89,2,0
5.21,0.78,0.92,8.4,426.56,10,1
4.22,0.1,0.04,1.85,173.88,1,0
4.91,0.03,0.36,2.44,125.7,1,0
1.83,0.21,0.38,2.71,316.1,2,0
1.78,0.32,0.3,2.73,5.93,2,0
2.92,0.4,0.24,2.36,290.64,1,0
4.93,0.16,0.13,1.87,330.24,2,0
9.43,0.71,0.66,3.84,4.87,17,1
0.56,0.1,0.12,1.68,159.18,1,0
7.22,0.63,0.92,4.69,1617.06,10,1
5.33,0.99,0.87,5.92,605.07,9,1
5.51,0.77,0.94,8.05,492.62,14,1
4.99,0.1,0.34,2.47,92.38,1,0
5.51,0.89,0.78,5.26,474.89,12,1
0.39,0.07,0.16,0.56,316.89,2,0
4.45,0.37,0.11,0.56,104.51,2,0
4.13,0.13,0.11,1.65,288.74,2,0
0.1,0.05,0.34,2.53,131.7,2,0
2.56,0.37,0.39,2.54,123.9,2,0
3.97,0.22,0.17,1.86,177.53,1,0
6.6,0.75,0.85,4.11,358.03,1,1
3.32,0.06,0.04,1.72,160.61,1,0
1.38,0.07,0.31,2.84,40.18,1,0
3.54,0.16,0.01,2.9,394.53,2,0
1.58,0.26,0.03,0.73,309.47,1,0
5.64,0.96,0.81,8.54,2376.99,2,1
1.05,0.25,0.03,2.51,69.82,2,0
8.53,0.87,0.92,5.08,1935.05,18,1
6.55,0.8,0.74,8.3,2290.64,15,1
3.76,0.08,0.08,1.93,183.23,1,0
3.63,0.04,0.16,2.95,323.38,1,0
8.2,0.81,0.96,8.09,1486.1,7,1
7.82,0.98,0.92,7.05,744.45,15,1
7.81,0.85,0.99,3.48,1218.03,10,1
0.95,0.22,0.01,2.29,232.37,1,0
1.73,0.08,0.32,0.16,27.87,1,0
2.75,0.11,0.1,0.41,339.63,2,0
1.73,0.14,0.36,0.15,140.08,2,0
9.9,0.92,0.72,8.93,237.66,4,1
3.87,0.37,0.28,2.69,94.59,2,0
4.01,0.32,0.3,1.05,181.54,2,0
6.67,0.81,0.69,7.05,1151.73,9,1
6.37,0.65,0.65,5.43,486.38,6,1
7.94,0.78,0.91,4.46,1065.61,1,1
3.45,0.17,0.37,0.22,321.3,2,0
5.07,0.63,0.76,4.08,1867.91,15,1
3.06,0.15,0.0,1.34,110.69,2,0
9.4,0.62,1.0,7.65,30.4,10,1
2.77,0.34,0.21,1.81,174.95,1,0
3.51,0.25,0.2,1.3,237.31,2,0
5.27,0.99,0.94,9.39,383.62,3,1
8.96,0.65,0.91,3.48,2326.98,19,1
3.59,0.11,0.25,1.56,344.78,2,0
7.46,0.87,0.64,5.3,924.71,17,1
6.9,0.79,0.79,4.8,284.43,6,1
6.06,0.79,0.99,8.4,266.97,2,1
0.48,0.27,0.05,2.64,204.29,1,0
6.05,0.99,0.87,8.45,428.06,19,1
7.86,0.98,0.72,9.93,193.67,7,1
1.86,0.02,0.15,1.83,47.7,2,0
9.19,0.98,0.62,3.55,652.44,11,1
7.44,1.0,0.69,5.92,2100.69,12,1
6.9,0.96,0.76,7.37,167.86,3,1
3.0,0.04,0.15,2.83,235.8,1,0
7.34,1.0,0.96,5.3,1938.12,9,1
1.76,0.13,0.27,0.65,167.86,1,0
4.53,0.36,0.39,2.66,3.28,1,0
8.95,0.91,0.65,9.38,1842.06,2,1
5.89,0.88,0.93,5.86,160.01,1,1
4.73,0.35,0.03,1.95,48.04,1,0
5.97,0.86,0.94,4.77,1713.11,6,1
3.95,0.19,0.31,1.3,100.8,2,0
8.04,0.66,0.93,5.49,2229.51,16,1
2.84,0.07,0.37,2.61,345.77,2,0
4.5,0.13,0.23,1.5,195.82,2,0
0.08,0.33,0.35,2.05,216.43,1,0
3.32,0.35,0.33,1.08,240.05,1,0
6.3,0.82,0.81,7.46,1718.9,6,1
6.09,0.99,0.99,7.58,171.17,2,1
5.01,0.94,0.89,7.83,1991.65,1,1
7.85,0.78,0.82,6.62,521.44,8,1
2.81,0.1,0.38,1.45,132.68,2,0
6.33,0.65,0.8,4.08,124.13,18,1
3.47,0.12,0.35,2.35,6.17,1,0
2.8,0.14,0.03,2.19,348.46,1,0
8.81,1.0,0.91,5.07,1170.03,7,1
2.27,0.08,0.08,2.58,271.1,2,0
6.06,0.75,0.71,3.62,682.49,7,1
0.13,0.23,0.2,2.52,232.71,2,0
1.04,0.13,0.05,0.22,396.87,2,0
4.11,0.2,0.29,0.93,122.42,1,0
1.88,0.39,0.27,2.87,80.58,1,0
6.87,0.71,0.72,5.52,626.37,8,1
8.02,0.62,0.94,7.54,827.49,18,1
1.62,0.09,0.13,2.86,133.23,1,0
5.75,0.83,0.86,8.05,951.72,8,1
3.13,0.12,0.17,2.4,122.55,1,0
4.31,0.19,0.05,0.87,264.97,1,0
8.17,0.83,0.91,5.06,306.0,4,1
1.93,0.31,0.29,0.18,232.6,2,0
2.74,0.2,0.12,1.51,64.71,1,0
7.71,0.76,0.64,8.61,605.28,3,1
8.17,0.87,0.81,7.67,1632.4,18,1
5.38,0.61,0.88,6.07,1748.02,19,1
1.93,0.05,0.15,1.59,239.53,2,0
4.45,0.11,0.01,0.78,111.48,2,0
2.61,0.33,0.23,2.62,288.41,2,0
4.7,0.08,0.12,0.72,143.5,1,0
0.39,0.11,0.13,1.69,111.39,1,0
1.08,0.29,0.32,1.24,298.57,2,0
1.36,0.06,0.02,0.72,273.63,2,0
8.47,0.97,0.76,4.26,1573.59,6,1
4.62,0.2,0.1,1.2,287.55,1,0
3.28,0.18,0.14,2.51,303.38,2,0
1.09,0.24,0.22,1.14,345.32,2,0
1.47,0.31,0.3,0.74,291.53,2,0
9.44,0.7,0.75,8.92,601.29,15,1
3.67,0.21,0.33,2.17,246.03,2,0
6.95,0.71,0.89,3.76,36.56,6,1
0.9,0.32,0.18,0.98,63.3,2,0
2.18,0.04,0.37,2.34,22.55,2,0
0.29,0.22,0.03,2.71,362.85,1,0
3.67,0.05,0.09,0.98,87.23,2,0
8.14,0.67,0.7,6.28,1800.69,3,1
5.15,0.83,0.91,5.57,1677.82,10,1
6.86,0.61,0.65,4.21,1916.32,2,1
1.07,0.13,0.06,1.86,167.95,1,0
6.38,0.99,0.7,5.17,2199.07,6,1
6.88,0.79,0.77,4.25,609.86,13,1
8.14,0.6,0.61,5.73,556.03,5,1
6.46,0.67,0.92,9.69,2419.12,3,1
6.87,0.7,0.77,6.31,612.05,14,1
6.62,0.79,0.84,5.01,1306.24,8,1
0.89,0.39,0.15,0.6,165.64,2,0
0.72,0.24,0.37,0.59,305.83,2,0
3.0,0.04,0.38,0.23,250.14,2,0
8.28,0.97,0.76,4.35,2251.8,12,1
3.93,0.22,0.38,0.46,191.4,2,0
1.13,0.16,0.35,1.58,133.69,1,0
1.46,0.05,0.26,2.55,372.64,1,0
2.0,0.21,0.31,1.02,71.48,1,0
2.13,0.02,0.22,0.51,386.21,1,0
8.12,0.87,0.82,4.44,643.0,15,1
0.36,0.11,0.03,2.25,56.33,1,0
2.59,0.07,0.39,1.13,42.77,2,0
1.98,0.13,0.14,0.59,344.28,2,0
4.32,0.24,0.23,2.44,314.52,2,0
7.87,0.72,0.76,8.35,2226.04,14,1
7.53,0.95,0.69,5.98,342.85,6,1
5.63,0.73,0.83,9.17,442.67,15,1
2.79,0.02,0.07,0.86,113.05,1,0
3.41,0.08,0.04,2.49,278.2,1,0
0.43,0.18,0.34,1.85,116.93,1,0
5.6,0.89,0.83,6.74,2460.12,8,1
5.3,0.69,0.77,8.11,190.1,9,1
0.65,0.25,0.29,0.48,253.06,2,0
8.64,0.67,0.8,3.65,275.17,2,1
7.32,0.61,0.96,6.63,987.47,5,1
5.17,1.0,0.79,7.0,631.73,2,1
9.38,0.93,0.85,9.96,172.67,2,1
9.8,0.86,0.94,6.78,2461.21,13,1
2.8,0.25,0.1,1.3,102.15,2,0
6.27,0.72,0.74,5.94,872.02,19,1
8.63,0.78,0.82,6.8,293.65,15,1
0.89,0.22,0.39,1.55,371.06,1,0
1.65,0.06,0.15,2.12,153.98,1,0
1.38,0.32,0.12,0.58,389.57,2,0
8.87,0.64,0.75,6.55,1700.28,2,1
4.75,0.25,0.33,1.96,335.75,2,0
5.96,0.94,0.95,5.08,286.59,15,1
2.01,0.08,0.14,0.51,42.52,1,0
8.78,0.69,0.99,3.36,1528.7,1,1
3.56,0.25,0.15,2.73,387.81,1,0
5.23,0.74,0.64,6.35,453.52,13,1
1.03,0.26,0.02,0.2,220.73,1,0
5.85,0.95,0.76,9.47,301.31,5,1
8.27,1.0,0.98,3.03,53.19,1,1
9.77,0.88,0.82,6.57,1432.72,11,1
5.23,0.6,0.74,4.69,1105.2,7,1
3.52,0.12,0.3,0.62,217.7,2,0
6.98,0.68,0.82,7.85,1538.2,11,1
1.44,0.15,0.25,1.66,384.44,2,0
5.23,0.64,0.67,6.53,188.51,2,1
2.16,0.12,0.15,1.19,328.62,1,0
4.98,0.2,0.14,0.56,1.92,1,0
6.53,0.8,0.69,6.79,1905.17,2,1
9.22,0.85,0.63,6.4,1138.46,3,1
7.13,0.99,0.91,9.28,1197.93,6,1
6.56,0.94,0.84,4.02,165.97,11,1
8.47,0.99,0.98,4.64,1052.08,11,1
7.18,0.85,0.65,4.91,1336.47,3,1
6.06,0.71,0.64,5.43,1116.9,6,1
5.92,0.72,0.7,7.79,1723.3,2,1
6.63,0.67,0.84,7.99,1717.16,16,1
0.87,0.14,0.15,1.34,316.07,1,0
4.4,0.16,0.12,0.7,213.01,2,0
3.19,0.02,0.26,2.73,151.78,2,0
5.46,0.81,0.69,6.76,492.63,7,1
7.32,0.61,0.66,7.75,92.26,13,1
5.99,0.79,0.96,6.96,271.22,16,1
6.65,0.83,0.7,7.56,367.45,6,1
4.32,0.17,0.3,2.57,124.01,2,0
6.24,0.75,0.62,8.67,659.22,5,1
7.15,0.8,0.96,4.83,515.39,12,1
1.15,0.32,0.24,0.69,191.47,1,0
6.86,0.73,0.85,4.15,649.92,16,1
3.93,0.22,0.34,0.7,322.39,1,0
3.17,0.31,0.03,0.48,293.28,2,0
1.8,0.35,0.35,2.1,262.29,2,0
6.65,0.69,0.96,3.38,1732.82,10,1
2.05,0.11,0.24,2.06,183.72,2,0
8.25,0.95,0.67,8.88,1165.49,4,1
5.36,0.89,0.8,7.92,1330.8,8,1
3.45,0.35,0.32,1.04,309.76,1,0
2.8,0.08,0.36,0.83,168.43,2,0
1.68,0.31,0.34,1.31,151.27,2,0
6.89,0.6,0.9,7.38,364.49,15,1
2.98,0.36,0.07,1.26,333.14,1,0
2.63,0.12,0.24,0.08,25.88,1,0
3.29,0.23,0.21,2.53,93.98,2,0
2.33,0.4,0.16,1.16,201.43,1,0
8.43,0.77,0.95,7.86,1848.41,19,1
6.08,0.71,0.7,6.48,355.34,12,1
8.56,0.75,0.97,3.66,2005.22,10,1
0.16,0.26,0.22,2.0,372.06,2,0
7.96,0.8,0.98,8.23,37.08,5,1
4.83,0.39,0.02,2.84,398.97,2,0
2.79,0.34,0.33,0.85,219.09,2,0
2.11,0.05,0.39,2.95,74.82,1,0
9.0,0.93,0.72,6.28,42.14,2,1
3.59,0.05,0.38,2.7,139.23,1,0
4.06,0.09,0.32,1.2,75.57,1,0
0.17,0.16,0.23,2.21,126.46,2,0
7.15,0.69,0.78,9.67,116.19,14,1
8.27,0.86,0.84,3.7,320.33,16,1
6.02,0.91,0.72,3.15,135.77,10,1
4.11,0.39,0.02,0.47,42.13,2,0
1.22,0.02,0.38,0.56,79.36,1,0
0.99,0.3,0.35,1.74,98.74,1,0
7.79,0.96,0.73,3.93,2069.43,4,1
6.26,0.65,0.66,8.97,2285.31,17,1
0.2,0.36,0.4,0.54,48.15,1,0
4.51,0.22,0.23,2.12,105.88,1,0
2.56,0.19,0.26,1.67,257.58,2,0
6.69,0.8,0.87,9.78,2284.13,19,1
4.86,0.14,0.16,0.61,28.21,1,0
5.9,0.61,0.68,6.63,1232.51,8,1
0.82,0.01,0.04,0.86,388.9,2,0
8.11,0.62,0.95,6.37,41.79,16,1
0.9,0.23,0.39,0.87,317.74,1,0
6.82,1.0,0.83,6.31,2175.61,8,1
9.73,0.88,0.9,6.5,987.04,10,1
2.47,0.37,0.0,2.68,124.42,1,0
6.06,0.82,0.91,5.2,1589.72,19,1
5.85,0.8,0.77,4.53,505.03,12,1
9.78,0.92,0.89,4.3,662.3,5,1
3.93,0.22,0.27,2.82,255.35,2,0
3.39,0.29,0.09,0.24,110.76,1,0
1.59,0.06,0.38,0.23,38.32,2,0
0.07,0.19,0.02,2.93,316.24,2,0
2.44,0.01,0.28,1.17,212.46,2,0
4.01,0.35,0.38,1.22,227.51,1,0
9.63,0.69,0.7,5.08,342.09,1,1
8.71,0.88,0.7,4.77,609.74,1,1
2.91,0.36,0.32,2.68,4.65,2,0
7.98,0.76,0.96,5.11,1697.45,19,1
6.56,0.67,0.84,4.78,1630.17,18,1
1.94,0.26,0.38,0.64,23.6,2,0
0.37,0.01,0.19,1.2,54.75,2,0
3.36,0.17,0.05,0.31,301.74,2,0
0.64,0.2,0.11,0.48,170.51,2,0
0.63,0.05,0.33,2.77,316.3,1,0
0.48,0.11,0.35,0.22,350.35,2,0
4.07,0.3,0.37,2.5,101.55,2,0
3.99,0.1,0.25,1.38,312.98,1,0
3.27,0.21,0.09,0.6,362.9,1,0
4.76,0.19,0.19,1.96,41.4,1,0
0.74,0.18,0.02,0.05,176.05,1,0
1.46,0.37,0.22,2.09,238.7,2,0
6.93,0.66,0.64,6.65,561.53,6,1
0.18,0.34,0.09,2.55,55.68,1,0
5.54,0.81,0.9,5.34,2388.05,9,1
6.23,0.66,0.82,4.29,861.18,2,1
8.25,0.68,0.88,5.17,269.53,7,1
9.31,0.66,0.71,3.65,1205.84,3,1
7.66,0.96,1.0,8.27,629.68,1,1
3.71,0.13,0.15,1.52,144.39,2,0
0.17,0.31,0.29,2.89,372.28,1,0
0.13,0.36,0.14,2.23,303.92,1,0
8.0,0.73,0.6,4.4,2232.62,19,1
3.45,0.27,0.34,0.4,263.89,1,0
7.97,0.68,0.74,9.03,2356.68,13,1
9.55,0.8,0.71,7.19,926.47,10,1
2.5,0.39,0.33,2.74,101.74,2,0
5.52,0.83,0.83,9.67,1974.37,8,1
6.08,0.83,0.74,7.6,909.44,6,1
0.39,0.08,0.13,1.26,237.57,1,0
7.62,0.65,0.61,4.07,58.89,18,1
0.55,0.25,0.27,2.04,106.14,2,0
2.94,0.09,0.34,1.48,329.01,1,0
9.2,0.66,0.96,6.15,2324.19,14,1
8.99,0.68,0.82,4.26,2383.31,18,1
6.6,0.75,0.85,6.09,117.42,2,1
7.27,0.9,0.71,3.14,2426.22,5,1
5.63,0.79,0.81,7.91,347.96,16,1
1.45,0.12,0.31,0.89,225.11,1,0
0.93,0.12,0.19,1.27,42.41,2,0
6.62,0.74,0.63,9.9,1926.24,8,1
0.67,0.39,0.1,1.38,86.51,1,0
5.14,0.77,0.77,6.27,247.08,19,1
5.76,0.95,0.89,6.93,1667.39,19,1
1.44,0.06,0.06,1.92,349.15,2,0
8.85,0.73,0.94,8.83,532.63,7,1
8.56,0.63,0.8,6.31,2279.69,8,1
9.08,0.97,0.91,9.84,1039.36,8,1
6.29,0.64,0.73,9.13,1755.23,6,1
9.65,0.95,0.61,3.9,1583.62,14,1
5.77,0.91,0.89,6.96,2310.15,10,1
6.78,0.7,0.71,5.83,31.04,2,1
4.47,0.21,0.05,1.7,251.45,1,0
3.51,0.39,0.18,1.55,208.73,1,0
3.45,0.28,0.28,0.96,230.26,1,0
9.47,0.97,0.99,9.57,1666.62,10,1
9.74,0.95,0.7,3.67,1949.87,13,1
0.49,0.34,0.19,2.48,326.85,2,0
9.0,0.71,0.93,3.67,2332.25,4,1
1.05,0.38,0.02,2.69,121.78,1,0
8.85,0.93,0.88,7.85,1715.16,13,1
4.47,0.25,0.28,2.0,179.78,2,0
1.78,0.39,0.28,2.49,16.1,1,0
5.33,0.91,0.9,8.7,1652.1,14,1
5.61,0.77,0.77,6.49,644.08,10,1
6.13,0.76,0.86,6.07,575.41,7,1
0.18,0.15,0.32,2.88,148.07,1,0
4.43,0.16,0.15,0.89,60.96,1,0
3.7,0.18,0.36,2.43,314.17,2,0
1.86,0.18,0.13,0.55,57.27,1,0
3.39,0.23,0.29,1.27,338.12,2,0
7.28,0.71,0.74,3.66,2471.54,8,1
5.2,0.93,0.84,6.67,138.49,18,1
4.81,0.31,0.35,2.12,304.2,1,0
1.68,0.04,0.31,1.36,196.96,2,0
2.93,0.12,0.06,2.49,334.61,1,0
1.44,0.29,0.31,2.43,228.3,2,0
2.52,0.21,0.37,0.09,309.36,2,0
1.52,0.36,0.24,0.62,104.85,1,0
8.06,0.92,0.78,6.88,488.4,19,1
7.72,0.63,0.93,7.42,1026.9,13,1
6.9,0.91,0.88,3.28,950.07,2,1
1.74,0.25,0.02,0.51,173.1,1,0
1.7,0.13,0.17,0.44,332.46,1,0
9.93,0.93,1.0,4.18,1655.74,14,1
1.86,0.15,0.08,0.34,296.12,1,0
1.82,0.02,0.34,2.98,326.54,1,0
9.53,0.83,0.69,9.22,69.34,2,1
0.39,0.32,0.06,1.26,352.52,1,0
0.07,0.16,0.03,1.22,15.97,1,0
6.2,0.67,0.74,4.65,1848.44,12,1
2.23,0.14,0.18,2.25,360.89,1,0
6.41,0.88,0.96,9.71,2483.15,4,1
0.52,0.09,0.16,0.51,197.96,1,0
4.69,0.01,0.29,0.93,149.88,1,0
1.74,0.16,0.14,2.48,180.86,2,0
5.71,0.86,0.91,7.47,1190.0,17,1
6.65,0.84,0.67,4.99,1401.18,17,1
0.87,0.23,0.36,2.91,262.46,2,0
7.04,0.8,0.81,7.62,2026.51,18,1
1.74,0.07,0.14,2.04,105.22,1,0
5.92,0.98,0.81,8.97,1369.99,1,1
6.1,0.79,0.62,6.24,2124.87,19,1
9.3,0.65,0.94,7.15,700.83,18,1
4.68,0.4,0.16,2.97,62.37,2,0
0.09,0.12,0.17,1.53,72.63,2,0
3.54,0.16,0.34,2.03,279.12,2,0
5.1,0.99,0.63,9.29,1798.85,16,1
2.32,0.21,0.13,0.83,262.38,1,0
5.96,0.87,0.83,5.21,1218.6,2,1
3.19,0.21,0.31,2.27,247.14,2,0
3.58,0.2,0.26,1.24,119.53,2,0
1.86,0.28,0.19,2.51,271.23,2,0
2.42,0.18,0.12,2.96,108.79,1,0
7.69,0.66,0.82,7.54,1647.53,1,1
0.85,0.01,0.07,2.3,162.05,1,0
5.21,0.87,0.72,6.92,244.69,7,1
1.86,0.33,0.08,2.42,263.0,1,0
1.35,0.11,0.05,2.77,69.17,2,0
7.7,0.83,0.97,6.54,1601.81,6,1
3.18,0.31,0.21,1.87,395.23,1,0
4.47,0.08,0.14,1.84,38.27,2,0
8.05,0.71,0.88,4.07,1709.29,5,1
5.8,0.87,0.82,3.13,2309.74,2,1
6.69,0.86,0.97,4.73,736.37,3,1
9.96,0.7,0.68,6.69,1547.7,17,1
3.81,0.2,0.11,2.03,15.37,1,0
9.63,0.74,0.78,9.87,910.93,2,1
2.05,0.27,0.39,2.49,263.61,1,0
4.29,0.36,0.38,2.64,232.02,1,0
9.71,0.96,0.81,6.76,1572.66,7,1
1.05,0.33,0.12,0.56,162.56,1,0
5.95,0.85,0.91,6.97,864.42,19,1
4.85,0.1,0.19,1.5,95.67,2,0
9.53,0.72,0.9,4.53,2201.85,1,1
6.97,0.65,0.8,7.85,643.0,5,1
1.34,0.16,0.28,1.54,372.28,1,0
6.69,0.69,0.74,4.61,2156.89,16,1
6.08,0.84,0.63,8.0,283.97,3,1
2.52,0.27,0.24,2.53,113.82,2,0
5.76,0.72,0.69,9.47,252.88,10,1
7.08,0.75,0.9,8.42,18.15,2,1
2.98,0.14,0.11,0.22,376.57,2,0
2.19,0.03,0.38,2.76,273.77,1,0
7.41,0.96,0.68,5.32,1796.58,1,1
5.95,0.86,0.61,5.04,1271.47,17,1
7.72,0.9,0.84,5.74,2127.31,16,1
3.37,0.24,0.23,0.2,99.63,2,0
9.68,0.78,0.65,6.03,1654.3,5,1
3.26,0.37,0.33,2.06,142.44,2,0
1.01,0.05,0.14,0.41,399.31,1,0
3.15,0.17,0.17,0.12,173.53,1,0
7.96,0.89,0.96,8.85,310.71,11,1
9.69,0.84,0.66,6.52,537.2,1,1
3.78,0.29,0.14,2.66,255.19,2,0
8.48,0.9,0.7,5.41,299.41,15,1
6.58,0.96,0.82,7.08,1733.26,4,1
3.25,0.07,0.02,2.05,100.43,2,0
0.99,0.37,0.18,2.23,218.8,1,0
2.52,0.08,0.03,0.51,393.75,2,0
5.16,0.88,0.93,7.45,558.38,18,1
8.87,0.64,0.95,5.13,390.0,12,1
8.39,0.89,0.87,9.32,946.29,12,1
7.67,0.61,0.66,7.49,466.08,4,1
3.83,0.18,0.25,1.62,20.92,1,0
3.72,0.06,0.27,0.71,175.35,1,0
6.82,0.83,0.68,8.61,556.69,4,1
4.67,0.09,0.25,0.08,372.72,2,0
5.9,0.96,0.67,9.18,2274.67,17,1
5.5,0.92,0.65,7.17,1184.16,9,1
2.44,0.05,0.37,2.87,342.64,1,0
7.33,0.62,0.67,6.92,706.24,15,1
2.79,0.18,0.03,1.45,187.58,2,0
9.14,0.87,0.96,3.4,1767.38,7,1
6.77,0.69,0.86,9.66,2010.04,4,1
4.56,0.01,0.31,0.33,10.99,2,0
9.67,0.92,0.65,3.84,65.13,4,1
3.81,0.38,0.05,2.11,340.32,1,0
8.71,0.8,0.77,5.85,2445.41,17,1
2.25,0.2,0.12,0.48,18.94,2,0
1.93,0.14,0.4,1.45,322.09,2,0
3.57,0.13,0.12,1.57,31.66,2,0
6.41,0.81,0.71,4.47,1064.73,4,1
4.9,0.03,0.11,0.73,99.42,1,0
2.81,0.14,0.24,0.27,3.83,2,0
5.96,0.8,0.76,8.57,107.2,16,1
1.46,0.35,0.11,2.42,83.75,2,0
6.2,0.76,0.95,9.57,767.35,15,1
9.52,0.61,0.82,5.96,1740.86,11,1
7.29,0.75,0.83,6.07,2489.8,14,1
3.56,0.17,0.03,2.43,381.1,1,0
5.17,0.81,0.68,8.3,738.88,14,1
2.83,0.05,0.2,1.96,335.3,2,0
1.49,0.07,0.25,0.7,31.97,2,0
9.77,0.97,0.69,8.47,123.38,12,1
4.68,0.34,0.37,1.35,214.57,1,0
2.01,0.19,0.39,1.03,259.29,2,0
3.46,0.13,0.31,2.7,87.42,1,0
9.16,0.73,0.85,9.89,128.29,19,1
4.25,0.03,0.4,2.1,64.91,1,0
6.44,0.9,0.61,5.67,1624.69,13,1
9.46,0.69,0.82,7.51,2459.59,5,1
0.95,0.37,0.19,0.98,306.21,2,0
7.35,0.63,0.88,5.76,805.74,11,1
5.84,0.99,0.85,6.15,1938.42,11,1
8.83,0.84,0.97,5.79,2308.14,12,1
4.93,0.33,0.11,2.18,85.72,1,0
5.93,0.85,0.87,6.41,1915.42,1,1
1.09,0.28,0.28,2.77,285.27,1,0
3.28,0.09,0.1,1.4,359.13,1,0
1.6,0.06,0.22,0.86,93.2,2,0
2.65,0.27,0.25,0.46,337.92,2,0
1.16,0.17,0.34,0.53,212.83,2,0
2.78,0.35,0.12,2.08,301.18,1,0
7.0,0.65,0.74,8.54,356.32,15,1
3.06,0.03,0.35,0.86,246.02,1,0
0.33,0.35,0.16,1.1,217.12,1,0
0.11,0.34,0.06,1.54,238.86,2,0
6.63,0.98,0.98,3.08,2489.41,13,1
0.97,0.19,0.35,0.07,271.82,2,0
3.84,0.15,0.36,2.37,300.24,2,0
3.15,0.3,0.33,0.16,310.42,2,0
2.63,0.07,0.35,1.03,154.99,1,0
8.03,0.68,0.85,8.06,652.06,2,1
8.44,0.8,0.68,6.87,1463.07,3,1
8.1,0.77,0.96,4.64,1801.89,1,1
3.83,0.15,0.19,0.56,116.81,1,0
8.2,0.61,0.88,6.7,2184.91,14,1
9.95,0.75,0.94,6.74,2155.86,6,1
4.27,0.37,0.32,1.37,82.17,2,0
1.42,0.26,0.21,1.79,166.32,1,0
2.44,0.27,0.15,2.83,282.18,1,0
9.04,0.8,0.72,3.71,1393.07,1,1
8.7,0.92,0.68,5.14,1117.09,2,1
5.92,0.98,0.9,8.14,2322.01,16,1
7.88,0.79,0.86,8.56,753.81,8,1
4.3,0.39,0.2,1.37,30.3,2,0
8.28,0.84,0.88,7.62,1294.83,4,1
3.28,0.18,0.32,0.34,33.82,2,0
6.05,0.91,0.87,7.77,1758.08,5,1
4.99,0.39,0.22,1.37,184.85,2,0
7.14,0.94,0.92,8.12,1350.7,16,1
2.49,0.15,0.35,0.34,194.77,1,0
5.13,0.83,0.64,8.84,368.41,12,1
7.08,0.82,0.83,7.22,217.41,4,1
8.87,0.7,0.89,4.76,2471.38,17,1
1.46,0.24,0.29,1.34,349.44,1,0
0.16,0.25,0.02,1.85,274.01,2,0
2.63,0.15,0.4,0.91,111.01,2,0
9.1,0.6,0.6,8.32,631.18,1,1
2.75,0.31,0.11,1.96,116.39,2,0
4.26,0.28,0.25,1.49,119.47,2,0
9.69,0.78,0.98,3.75,87.36,11,1
9.72,0.64,0.94,3.0,15.78,19,1
3.43,0.28,0.09,2.64,215.09,1,0
7.4,0.89,0.76,4.52,627.44,3,1
3.0,0.23,0.02,2.25,379.67,1,0
8.56,0.97,0.87,6.3,512.78,13,1
5.43,0.77,0.85,7.66,122.52,3,1
5.08,0.64,0.72,6.86,1031.59,14,1
3.72,0.18,0.03,2.31,19.13,1,0
4.9,0.26,0.37,1.93,13.28,2,0
0.56,0.25,0.29,1.18,288.61,1,0
6.67,0.74,0.98,8.59,1139.7,1,1
6.83,0.95,0.65,3.86,1269.9,17,1
0.14,0.28,0.38,0.52,124.52,2,0
5.27,0.84,0.89,5.61,570.37,3,1
6.03,0.75,0.86,9.03,2183.46,1,1
5.36,0.89,0.72,6.17,2164.33,14,1
7.42,0.9,0.63,4.52,1827.21,12,1
3.61,0.31,0.06,1.33,70.75,2,0
6.26,0.76,0.66,3.81,2492.09,12,1
9.93,0.84,0.7,6.95,2159.82,2,1
9.54,0.95,0.78,4.14,259.68,7,1
5.37,0.69,0.61,6.52,1106.82,4,1
2.08,0.05,0.07,1.03,224.83,2,0
2.94,0.11,0.16,2.04,356.32,2,0
5.69,0.99,0.75,7.38,1042.81,19,1
6.02,0.7,0.97,8.29,83.81,3,1
7.22,0.64,0.85,7.34,1294.13,16,1
9.4,0.66,0.94,5.31,866.52,13,1
5.67,0.7,0.99,5.66,1997.3,6,1
7.95,0.66,0.7,6.82,1954.52,17,1
5.87,0.66,0.71,4.43,67.34,7,1
0.3,0.22,0.32,1.72,106.12,1,0
8.84,0.71,0.72,7.2,1793.17,9,1
3.5,0.34,0.19,2.5,71.05,2,0
1.76,0.1,0.38,2.24,226.87,2,0
1.6,0.3,0.21,1.83,157.39,2,0
4.73,0.04,0.25,1.71,356.12,1,0
0.02,0.0,0.19,0.09,389.81,1,0
5.41,0.92,0.73,9.0,538.91,9,1
7.72,0.99,0.92,9.95,391.63,13,1
0.04,0.26,0.26,1.96,65.39,2,0
2.3,0.08,0.35,1.25,300.12,1,0
4.86,0.15,0.12,0.09,60.01,1,0
9.32,0.74,0.86,9.46,1763.82,17,1
1.71,0.36,0.02,2.18,9.33,2,0
2.17,0.01,0.15,0.38,48.58,2,0
7.8,0.85,0.97,4.8,259.78,15,1
4.38,0.35,0.07,0.79,30.56,1,0
1.81,0.05,0.06,2.67,395.2,1,0
2.86,0.35,0.26,2.84,112.54,1,0
2.71,0.13,0.28,1.32,115.1,2,0
4.26,0.26,0.02,1.63,6.92,1,0
2.15,0.34,0.31,2.17,280.29,2,0
6.69,1.0,0.93,9.19,272.75,19,1
4.05,0.01,0.36,0.68,282.37,2,0
1.9,0.36,0.18,2.24,372.1,2,0
2.26,0.04,0.27,0.92,59.43,1,0
7.26,0.68,0.96,9.75,976.82,12,1
7.68,0.99,0.66,4.3,564.55,14,1
5.34,0.7,0.68,6.79,486.86,13,1
3.18,0.09,0.17,2.4,215.48,1,0
4.26,0.38,0.4,0.85,230.15,2,0
1.25,0.07,0.18,0.11,316.69,2,0
8.42,0.72,0.96,7.7,447.52,8,1
3.38,0.36,0.31,1.62,59.48,2,0
3.89,0.31,0.09,2.93,398.07,2,0
1.32,0.09,0.16,1.78,218.13,2,0
2.14,0.13,0.26,0.39,286.66,2,0
3.49,0.25,0.23,0.54,173.06,1,0
0.72,0.36,0.03,2.47,60.79,1,0
1.67,0.33,0.12,0.49,282.52,2,0
3.67,0.2,0.24,0.91,80.14,2,0
1.87,0.07,0.34,0.95,239.28,1,0
5.48,0.69,0.62,9.97,69.96,6,1
8.17,0.88,0.86,7.22,1434.62,6,1
1.69,0.15,0.29,2.78,251.6,2,0
0.41,0.21,0.35,1.66,246.5,1,0
4.04,0.19,0.07,1.94,397.11,2,0
3.54,0.05,0.33,2.21,308.17,2,0
6.63,0.69,0.96,6.52,332.39,7,1
5.81,0.95,0.69,3.79,352.57,10,1
0.18,0.1,0.08,1.51,171.88,1,0
0.06,0.38,0.32,0.58,115.03,2,0
1.17,0.08,0.0,2.12,374.99,2,0
7.79,0.97,0.64,7.21,2311.86,19,1
5.01,0.89,0.9,8.23,1687.89,7,1
5.07,0.77,0.87,6.55,347.18,17,1
7.92,0.74,0.94,5.53,2257.84,17,1
1.89,0.35,0.16,0.54,1.38,2,0
2.07,0.17,0.04,0.61,61.87,1,0
1.19,0.17,0.05,1.37,53.34,2,0
1.03,0.02,0.27,1.04,7.04,1,0
9.22,0.79,0.66,3.86,225.23,3,1
2.91,0.32,0.17,1.36,351.73,1,0
1.82,0.11,0.24,0.46,98.48,2,0
3.89,0.23,0.16,2.9,244.53,2,0
8.74,0.98,0.8,5.87,2317.03,4,1
2.22,0.24,0.12,2.15,322.37,2,0
2.67,0.38,0.29,2.78,88.0,1,0
6.27,0.66,0.88,3.65,661.35,3,1
9.23,0.66,0.61,8.49,2480.49,11,1
5.62,0.66,0.91,7.12,1365.93,1,1
2.62,0.33,0.3,1.2,33.1,2,0
9.08,0.67,0.63,5.3,1722.52,6,1
1.5,0.0,0.15,2.21,60.01,1,0
1.51,0.01,0.07,1.19,126.53,1,0
3.25,0.27,0.07,1.48,146.83,1,0
3.06,0.17,0.1,1.11,236.84,2,0
0.35,0.22,0.23,0.64,188.41,2,0
2.73,0.19,0.37,2.16,44.62,1,0
6.6,0.71,0.76,9.73,1740.4,3,1
0.49,0.25,0.32,2.51,231.16,2,0
1.91,0.25,0.33,0.08,180.25,1,0
9.93,0.75,0.81,8.94,1351.57,10,1
5.78,0.99,0.98,5.35,427.0,2,1
9.34,0.64,0.6,6.16,2054.58,2,1
1.49,0.13,0.07,2.69,297.8,1,0
6.51,0.89,0.67,6.67,2209.63,8,1
1.87,0.34,0.07,0.81,17.34,1,0
4.76,0.39,0.26,1.57,243.17,2,0
8.13,0.86,0.91,5.82,547.18,2,1
3.01,0.4,0.08,1.57,138.47,1,0
7.89,0.7,0.74,4.5,1985.56,12,1
4.07,0.17,0.36,1.45,229.58,1,0
4.32,0.12,0.18,0.68,144.5,2,0
6.98,0.81,0.93,3.53,2198.52,10,1
7.38,0.85,0.84,9.03,1098.59,4,1
5.1,0.76,0.98,9.1,1760.88,12,1
0.15,0.31,0.33,1.86,299.49,2,0
8.14,0.96,0.89,5.44,1328.29,3,1
4.07,0.2,0.38,2.26,68.46,1,0
3.13,0.03,0.35,0.81,97.51,1,0
3.65,0.15,0.26,1.73,50.42,2,0
8.91,0.87,0.87,6.37,63.84,1,1
1.04,0.24,0.29,1.12,234.18,2,0
3.71,0.13,0.2,2.75,382.26,2,0
1.33,0.16,0.28,2.54,142.63,1,0
3.81,0.29,0.33,0.1,19.09,2,0
1.89,0.28,0.36,0.96,184.3,1,0
2.5,0.22,0.33,1.61,206.74,1,0
5.46,0.63,0.93,6.06,2287.11,1,1
3.06,0.08,0.19,2.05,253.54,1,0
0.76,0.29,0.19,2.25,264.45,1,0
4.02,0.09,0.21,0.72,303.88,2,0
6.03,0.88,0.64,9.79,104.18,11,1
6.57,0.76,0.77,3.51,1640.33,18,1
7.74,0.94,0.81,7.78,1563.31,17,1
5.72,0.67,0.62,9.32,1989.93,2,1
4.84,0.18,0.38,2.17,28.27,1,0
4.16,0.3,0.21,1.94,162.67,2,0
7.61,0.93,0.68,6.69,1005.17,8,1
5.61,0.91,0.63,9.35,2328.09,9,1
0.66,0.24,0.27,0.11,342.14,2,0
9.52,0.63,0.75,3.57,113.05,1,1
9.49,0.61,0.88,9.68,795.13,4,1
1.74,0.04,0.15,2.64,392.21,2,0
8.17,0.93,0.72,4.5,536.26,3,1
2.8,0.37,0.32,0.47,155.58,1,0
7.52,0.92,0.9,7.14,1526.42,2,1
4.85,0.14,0.32,2.55,249.27,1,0
3.31,0.03,0.14,2.81,345.04,1,0
7.93,0.71,0.99,4.84,2291.52,11,1
9.76,0.87,0.98,4.4,1629.96,10,1
0.98,0.25,0.32,2.67,187.32,1,0
9.62,0.67,0.71,3.44,497.41,7,1
2.39,0.15,0.15,0.58,178.96,2,0
3.65,0.01,0.15,1.44,74.57,1,0
4.1,0.24,0.39,1.88,313.84,2,0
4.86,0.39,0.19,0.49,80.83,2,0
7.49,0.88,0.83,6.14,1326.44,15,1
8.72,0.79,0.72,8.61,749.87,14,1
2.47,0.14,0.13,2.58,78.69,2,0
4.25,0.12,0.0,0.89,112.52,2,0
1.23,0.35,0.04,0.1,35.35,2,0
7.68,0.86,0.88,3.96,542.83,2,1
5.18,0.87,0.81,8.75,2186.3,12,1
0.58,0.12,0.39,0.96,37.3,2,0
1.94,0.26,0.3,0.57,133.04,1,0
9.27,0.92,0.86,5.27,1556.21,14,1
0.11,0.1,0.22,2.15,352.21,1,0
2.62,0.09,0.29,0.25,229.33,1,0
6.26,0.71,0.86,4.13,443.49,12,1
7.35,0.97,0.89,3.54,1945.23,2,1
2.81,0.22,0.38,2.24,340.05,2,0
5.22,0.93,0.93,8.09,2196.13,8,1
2.29,0.26,0.04,2.71,227.44,1,0
0.09,0.21,0.33,0.13,382.47,1,0
1.5,0.34,0.37,2.24,92.53,2,0
0.69,0.02,0.05,0.86,101.34,1,0
3.63,0.37,0.29,2.49,298.38,1,0
1.8,0.22,0.29,0.75,62.83,2,0
1.38,0.09,0.21,0.51,320.16,2,0
3.53,0.13,0.13,1.69,340.95,1,0
8.08,0.7,1.0,9.66,1988.13,1,1
4.53,0.04,0.18,2.8,58.08,1,0
1.17,0.15,0.06,1.52,182.29,1,0
8.57,0.75,0.69,3.71,144.45,8,1
2.95,0.37,0.36,2.91,266.97,2,0
8.87,0.82,0.77,9.74,1481.04,5,1
6.56,0.9,0.93,9.83,369.22,9,1
1.53,0.08,0.11,0.99,189.82,2,0
1.76,0.18,0.06,1.21,41.28,2,0
9.43,0.95,0.68,4.14,1872.28,1,1
2.34,0.3,0.33,2.25,57.55,2,0
8.76,0.7,0.6,9.11,1206.06,15,1
4.62,0.24,0.39,0.41,227.32,1,0
4.52,0.16,0.32,2.56,281.18,1,0
3.32,0.09,0.16,2.33,381.37,1,0
5.77,0.68,0.76,8.18,1987.64,12,1
0.9,0.24,0.17,1.0,226.25,1,0
6.09,0.85,0.75,6.37,399.27,5,1
0.89,0.12,0.22,0.96,169.69,2,0
4.21,0.23,0.15,0.24,144.67,2,0
0.61,0.09,0.15,1.08,156.7,1,0
7.43,0.78,0.77,6.47,238.68,5,1
9.42,0.82,0.84,9.13,481.25,5,1
2.16,0.29,0.24,0.89,20.68,2,0
0.01,0.11,0.23,1.79,310.86,1,0
7.84,0.82,0.83,4.03,116.03,14,1
0.15,0.2,0.32,1.65,107.85,2,0
7.45,0.68,0.74,8.03,1248.91,8,1
6.0,0.61,0.89,7.85,205.36,17,1
7.19,0.83,0.8,7.49,1719.21,6,1
6.97,0.71,0.69,8.64,452.38,17,1
5.7,0.63,0.62,4.13,2045.49,13,1
5.04,0.87,0.71,8.71,1615.93,3,1
1.1,0.2,0.14,2.32,248.99,2,0
8.61,0.73,0.83,3.27,1052.77,4,1
8.19,0.66,0.99,7.93,52.62,11,1
0.32,0.06,0.35,1.23,245.73,2,0
5.81,0.69,0.63,9.44,1474.46,17,1
0.69,0.03,0.35,2.19,127.0,2,0
5.13,1.0,0.71,9.46,479.87,14,1
9.03,0.9,0.9,9.7,1946.09,1,1
1.59,0.31,0.27,1.35,167.73,2,0
0.78,0.22,0.04,0.96,211.01,1,0
9.95,0.72,0.86,6.51,1036.83,14,1
2.11,0.01,0.39,1.1,311.43,2,0
9.43,0.81,0.65,4.42,1803.28,9,1
4.46,0.28,0.06,2.6,120.62,2,0
9.05,0.64,0.75,3.6,807.89,18,1
2.4,0.24,0.19,2.8,96.22,2,0
4.06,0.07,0.24,1.75,211.18,2,0
9.26,0.66,0.76,3.53,1938.57,1,1
5.3,0.66,0.76,7.9,1368.75,15,1
3.61,0.36,0.35,1.53,257.26,1,0
8.17,0.86,0.76,6.45,761.68,8,1
3.9,0.22,0.4,1.37,285.58,1,0
6.03,0.73,0.75,7.73,1449.58,8,1
6.78,0.66,0.88,9.72,493.66,11,1
0.75,0.35,0.02,2.42,272.17,2,0
4.95,0.23,0.04,1.38,315.04,2,0
8.64,0.99,0.83,4.65,682.48,8,1
8.26,0.82,0.74,7.49,2151.21,12,1
4.2,0.01,0.15,2.45,325.58,2,0
8.29,0.65,0.8,3.13,927.23,15,1
3.16,0.15,0.29,1.48,7.23,1,0
7.12,0.83,0.98,3.76,1833.53,1,1
6.32,0.88,0.98,7.97,1087.3,16,1
3.2,0.18,0.18,0.05,69.63,2,0
1.03,0.23,0.06,0.79,144.54,2,0
0.39,0.29,0.14,2.98,120.96,2,0
0.73,0.09,0.23,2.97,29.38,2,0
9.57,0.8,0.78,9.81,520.14,7,1
0.76,0.3,0.27,1.63,324.23,1,0
7.85,0.83,0.87,3.6,224.6,14,1
6.76,0.95,0.98,9.65,407.68,16,1
6.44,0.96,0.74,3.44,99.85,8,1
0.76,0.21,0.06,1.2,377.06,1,0
3.68,0.01,0.35,0.3,56.21,1,0
9.19,0.79,0.77,5.06,704.53,5,1
1.54,0.07,0.34,2.23,372.33,2,0
3.21,0.07,0.06,1.24,30.08,2,0
3.29,0.17,0.27,1.35,133.44,2,0
3.94,0.28,0.08,0.16,361.36,2,0
1.32,0.05,0.15,2.22,117.57,1,0
6.51,0.79,0.76,5.6,9.19,16,1
1.75,0.24,0.07,0.93,8.11,2,0
9.58,0.7,0.64,6.07,184.79,11,1
0.07,0.14,0.3,0.23,226.94,2,0
2.82,0.33,0.29,2.56,69.52,1,0
9.49,0.79,0.76,8.07,20.03,8,1
1.28,0.22,0.07,1.89,49.3,2,0
2.29,0.08,0.28,0.85,106.9,2,0
4.07,0.39,0.16,0.99,11.27,1,0
4.24,0.09,0.33,0.7,270.71,2,0
8.98,0.67,0.96,9.67,1439.51,15,1
7.36,0.77,0.69,3.38,2139.95,5,1
7.86,1.0,0.94,3.05,1837.14,4,1
3.73,0.4,0.25,1.39,36.03,2,0
0.79,0.2,0.04,2.83,255.22,2,0
5.76,0.92,0.62,3.57,1674.12,16,1
7.38,0.64,0.6,3.39,1576.23,6,1
6.46,0.92,0.79,7.58,1706.96,15,1
1.62,0.04,0.25,0.77,212.46,2,0
8.4,0.64,0.95,6.62,896.91,17,1
0.44,0.13,0.16,2.73,382.4,1,0
0.84,0.01,0.24,2.76,42.55,2,0
2.13,0.21,0.37,0.34,28.5,1,0
3.29,0.15,0.31,0.5,19.56,1,0
0.67,0.33,0.15,1.58,11.73,1,0
3.28,0.19,0.39,2.64,257.77,1,0
5.49,0.9,0.96,8.02,792.87,5,1
2.66,0.03,0.15,2.65,302.09,1,0
0.58,0.13,0.01,0.81,87.29,1,0
7.7,0.92,0.94,5.81,1051.9,6,1
8.5,0.75,0.78,4.1,601.22,11,1
0.74,0.29,0.07,2.22,191.74,1,0
6.6,0.64,0.76,7.18,1998.64,8,1
3.8,0.29,0.28,2.46,258.28,1,0
7.78,0.97,0.73,9.77,1037.75,11,1
4.95,0.33,0.3,0.62,350.46,2,0
1.48,0.36,0.12,0.29,99.05,2,0
3.45,0.35,0.18,2.31,337.22,1,0
3.33,0.11,0.16,1.78,14.37,2,0
3.51,0.29,0.26,1.64,352.66,2,0
4.97,0.37,0.03,1.0,378.06,2,0
0.74,0.32,0.33,2.13,52.5,2,0
6.05,0.82,0.87,3.96,1128.29,17,1
3.76,0.08,0.27,1.95,360.48,1,0
2.08,0.29,0.36,0.39,106.12,1,0
5.28,0.87,0.73,6.27,729.42,3,1
1.75,0.31,0.16,2.41,392.4,2,0
6.76,0.82,0.81,3.25,220.3,14,1
8.56,0.81,0.96,8.67,1659.87,10,1
7.53,0.63,0.62,6.64,962.14,9,1
4.12,0.03,0.23,1.92,0.34,1,0
5.91,0.87,1.0,6.27,396.07,18,1
7.18,0.66,0.62,3.44,787.63,17,1
8.63,0.72,0.62,5.62,261.57,6,1
7.23,0.96,0.72,4.37,84.36,6,1
8.9,0.87,0.89,8.68,545.75,7,1
1.89,0.24,0.06,0.2,173.11,2,0
9.41,0.97,0.71,5.64,263.94,2,1
7.01,1.0,0.84,6.6,1761.33,8,1
8.35,0.69,0.7,7.02,2106.84,15,1
0.65,0.04,0.18,1.98,141.97,1,0
7.86,0.89,0.82,8.5,1112.65,17,1
5.83,0.61,0.69,3.17,1047.68,19,1
4.26,0.07,0.19,2.2,309.59,1,0
6.12,0.92,0.99,3.18,211.17,7,1
5.74,0.73,0.84,5.51,964.74,10,1
1.67,0.03,0.08,1.34,382.48,1,0
2.32,0.33,0.04,0.43,122.58,1,0
2.8,0.4,0.17,0.53,188.77,1,0
3.29,0.21,0.04,1.93,62.15,1,0
3.86,0.09,0.02,1.64,276.64,1,0
8.6,0.98,0.71,3.61,2256.39,16,1
2.89,0.09,0.02,1.66,53.12,2,0
4.17,0.26,0.02,2.87,59.11,1,0
4.06,0.21,0.14,0.73,34.1,2,0
3.64,0.19,0.11,1.09,343.63,1,0
7.08,0.91,0.76,7.55,258.19,6,1
3.9,0.1,0.1,0.92,239.21,2,0
6.57,0.86,0.75,6.84,326.78,3,1
1.04,0.15,0.22,1.84,187.27,1,0
9.65,0.65,0.61,5.1,538.39,11,1
3.86,0.37,0.03,1.88,57.85,1,0
6.68,0.79,0.87,6.47,486.94,8,1
1.6,0.13,0.34,1.94,284.07,2,0
7.37,0.72,0.97,4.53,414.51,7,1
9.81,0.81,0.75,8.33,822.38,14,1
9.61,0.81,0.88,3.58,1240.69,7,1
0.05,0.32,0.23,2.96,235.78,1,0
3.25,0.12,0.15,0.25,342.8,2,0
4.75,0.39,0.35,2.73,86.91,2,0
6.05,0.91,0.88,7.31,197.72,3,1
1.87,0.15,0.05,2.82,300.2,1,0
2.54,0.04,0.15,0.25,185.9,2,0
2.13,0.06,0.39,0.73,287.08,1,0
2.53,0.13,0.36,0.1,11.21,2,0
0.31,0.35,0.07,0.68,264.54,1,0
8.47,0.94,0.75,9.75,1336.54,1,1
6.86,0.7,0.81,8.9,1536.68,3,1
1.82,0.25,0.19,1.4,281.1,1,0
3.75,0.21,0.18,0.55,122.29,2,0
8.4,1.0,0.87,4.84,1694.13,11,1
5.65,0.65,0.87,5.61,324.38,4,1
